freq,amp,stime,prc2
0.04,50,0.51,0.0
0.06,50,0.51,0.0
0.12,50,0.51,0.0
0.16,50,0.51,0.0
0.22,50,0.51,0.0
0.26,50,0.51,0.0
0.28,50,0.51,0.0
0.3,50,0.51,0.0
0.32,50,0.51,0.0
0.34,50,0.51,0.0
0.36,50,0.51,0.0
0.38,50,0.51,0.0
0.4,50,0.51,0.0
0.42,50,0.51,0.0
0.44,50,0.51,0.0
0.46,50,0.51,0.0
0.48,50,0.51,0.0
0.5,50,0.51,0.0
0.52,50,0.51,0.0
0.54,50,0.51,0.0
0.56,50,0.51,0.0
0.58,50,0.51,0.0
0.6,50,0.51,0.0
0.62,50,0.51,0.0
0.64,50,0.51,0.0
0.66,50,0.51,0.0
0.68,50,0.51,0.0
0.7,50,0.51,0.0
0.72,50,0.51,0.0
0.74,50,0.51,0.0
0.76,50,0.51,0.0
0.78,50,0.51,0.0
0.8,50,0.51,0.0
0.82,50,0.51,0.0
0.84,50,0.51,0.0
0.86,50,0.51,0.0
0.88,50,0.51,0.0
0.9,50,0.51,0.0
0.92,50,0.51,0.0
0.94,50,0.51,0.0
0.96,50,0.51,0.0
0.98,50,0.51,0.0
1.0,50,0.51,0.0
1.02,50,0.51,0.0
1.04,50,0.51,0.0
1.06,50,0.51,0.0
1.08,50,0.51,0.0
1.1,50,0.51,0.0
1.12,50,0.51,0.0
1.14,50,0.51,0.0
1.16,50,0.51,0.0
1.18,50,0.51,0.0
1.2,50,0.51,0.0
1.22,50,0.51,0.0
1.24,50,0.51,0.0
1.26,50,0.51,0.0
1.28,50,0.51,0.0
1.3,50,0.51,0.0
1.32,50,0.51,0.0
1.34,50,0.51,0.0
1.36,50,0.51,0.0
1.38,50,0.51,0.0
1.4,50,0.51,0.0
1.42,50,0.51,0.0
1.44,50,0.51,0.0
1.46,50,0.51,0.0
1.48,50,0.51,0.0
1.5,50,0.51,0.0
1.52,50,0.51,0.0
1.54,50,0.51,0.0
1.56,50,0.51,0.0
1.58,50,0.51,0.0
1.6,50,0.51,0.0
1.62,50,0.51,0.0
1.64,50,0.51,0.0
1.66,50,0.51,0.0
1.68,50,0.51,0.0
1.7,50,0.51,0.0
1.72,50,0.51,0.0
1.74,50,0.51,0.0
1.76,50,0.51,0.0
1.78,50,0.51,0.0
1.8,50,0.51,0.0
1.82,50,0.51,0.0
1.84,50,0.51,0.0
1.86,50,0.51,0.0
1.88,50,0.51,0.0
1.9,50,0.51,0.0
1.92,50,0.51,0.0
1.94,50,0.51,0.0
1.96,50,0.51,0.0
1.98,50,0.51,0.0
2.0,50,0.51,0.0
0.0,100,0.48,0.0
0.06,100,0.52,0.0
0.1,100,0.52,0.0
0.12,100,0.52,0.0
0.14,100,0.52,0.0
0.16,100,0.52,0.0
0.18,100,0.52,0.0
0.22,100,0.52,0.0
0.26,100,0.52,0.0
0.28,100,0.52,0.0
0.3,100,0.52,0.0
0.32,100,0.52,0.0
0.34,100,0.52,0.0
0.36,100,0.52,0.0
0.38,100,0.52,0.0
0.4,100,0.52,0.0
0.42,100,0.52,0.0
0.44,100,0.52,0.0
0.46,100,0.52,0.0
0.48,100,0.52,0.0
0.5,100,0.52,0.0
0.52,100,0.52,0.0
0.54,100,0.52,0.0
0.56,100,0.52,0.0
0.58,100,0.52,0.0
0.6,100,0.52,0.0
0.62,100,0.52,0.0
0.64,100,0.52,0.0
0.66,100,0.52,0.0
0.68,100,0.52,0.0
0.7,100,0.52,0.0
0.72,100,0.52,0.0
0.74,100,0.52,0.0
0.76,100,0.52,0.0
0.78,100,0.52,0.0
0.8,100,0.52,0.0
0.82,100,0.52,0.0
0.84,100,0.52,0.0
0.86,100,0.52,0.0
0.88,100,0.52,0.0
0.9,100,0.52,0.0
0.92,100,0.52,0.0
0.94,100,0.52,0.0
0.96,100,0.52,0.0
0.98,100,0.52,0.0
1.0,100,0.52,0.0
1.02,100,0.52,0.0
1.04,100,0.52,0.0
1.06,100,0.52,0.0
1.08,100,0.52,0.0
1.1,100,0.52,0.0
1.12,100,0.52,0.0
1.14,100,0.52,0.0
1.16,100,0.52,0.0
1.18,100,0.52,0.0
1.2,100,0.52,0.0
1.22,100,0.52,0.0
1.24,100,0.52,0.0
1.26,100,0.52,0.0
1.28,100,0.52,0.0
1.3,100,0.52,0.0
1.32,100,0.52,0.0
1.34,100,0.52,0.0
1.36,100,0.52,0.0
1.38,100,0.52,0.0
1.4,100,0.52,0.0
1.42,100,0.52,0.0
1.44,100,0.52,0.0
1.46,100,0.52,0.0
1.48,100,0.52,0.0
1.5,100,0.52,0.0
1.52,100,0.52,0.0
1.54,100,0.52,0.0
1.56,100,0.52,0.0
1.58,100,0.52,0.0
1.6,100,0.52,0.0
1.62,100,0.52,0.0
1.64,100,0.52,0.0
1.66,100,0.52,0.0
1.68,100,0.52,0.0
1.7,100,0.52,0.0
1.72,100,0.52,0.0
1.74,100,0.52,0.0
1.76,100,0.52,0.0
1.78,100,0.52,0.0
1.8,100,0.52,0.0
1.82,100,0.52,0.0
1.84,100,0.52,0.0
1.86,100,0.52,0.0
1.88,100,0.52,0.0
1.9,100,0.52,0.0
1.92,100,0.52,0.0
1.94,100,0.52,0.0
1.96,100,0.52,0.0
1.98,100,0.52,0.0
2.0,100,0.52,0.0
0.06,150,0.51,0.0
0.08,150,0.51,0.0
0.1,150,0.51,0.0
0.12,150,0.51,0.0
0.16,150,0.51,0.0
0.18,150,0.51,0.0
0.2,150,0.51,0.0
0.22,150,0.51,0.0
0.26,150,0.51,0.0
0.28,150,0.51,0.0
0.3,150,0.51,0.0
0.32,150,0.51,0.0
0.34,150,0.51,0.0
0.36,150,0.51,0.0
0.38,150,0.51,0.0
0.4,150,0.51,0.0
0.42,150,0.51,0.0
0.44,150,0.51,0.0
0.46,150,0.51,0.0
0.48,150,0.51,0.0
0.5,150,0.51,0.0
0.52,150,0.51,0.0
0.54,150,0.51,0.0
0.56,150,0.51,0.0
0.58,150,0.51,0.0
0.6,150,0.51,0.0
0.62,150,0.51,0.0
0.64,150,0.51,0.0
0.66,150,0.51,0.0
0.68,150,0.51,0.0
0.7,150,0.51,0.0
0.72,150,0.51,0.0
0.74,150,0.51,0.0
0.76,150,0.51,0.0
0.78,150,0.51,0.0
0.8,150,0.51,0.0
0.82,150,0.51,0.0
0.84,150,0.51,0.0
0.86,150,0.51,0.0
0.88,150,0.51,0.0
0.9,150,0.51,0.0
0.92,150,0.51,0.0
0.94,150,0.51,0.0
0.96,150,0.51,0.0
0.98,150,0.51,0.0
1.0,150,0.51,0.0
1.02,150,0.51,0.0
1.04,150,0.51,0.0
1.06,150,0.51,0.0
1.08,150,0.51,0.0
1.1,150,0.51,0.0
1.12,150,0.51,0.0
1.14,150,0.51,0.0
1.16,150,0.51,0.0
1.18,150,0.51,0.0
1.2,150,0.51,0.0
1.22,150,0.51,0.0
1.24,150,0.51,0.0
1.26,150,0.51,0.0
1.28,150,0.51,0.0
1.3,150,0.51,0.0
1.32,150,0.51,0.0
1.34,150,0.51,0.0
1.36,150,0.51,0.0
1.38,150,0.51,0.0
1.4,150,0.51,0.0
1.42,150,0.51,0.0
1.44,150,0.51,0.0
1.46,150,0.51,0.0
1.48,150,0.51,0.0
1.5,150,0.51,0.0
1.52,150,0.51,0.0
1.54,150,0.51,0.0
1.56,150,0.51,0.0
1.58,150,0.51,0.0
1.6,150,0.51,0.0
1.62,150,0.51,0.0
1.64,150,0.51,0.0
1.66,150,0.51,0.0
1.68,150,0.51,0.0
1.7,150,0.51,0.0
1.72,150,0.51,0.0
1.74,150,0.51,0.0
1.76,150,0.51,0.0
1.78,150,0.51,0.0
1.8,150,0.51,0.0
1.82,150,0.51,0.0
1.84,150,0.51,0.0
1.86,150,0.51,0.0
1.88,150,0.51,0.0
1.9,150,0.51,0.0
1.92,150,0.51,0.0
1.94,150,0.51,0.0
1.96,150,0.51,0.0
1.98,150,0.51,0.0
2.0,150,0.51,0.0
0.0,200,0.51,0.0
0.02,200,0.49,0.0
0.04,200,0.49,0.0
0.16,200,0.49,0.0
0.18,200,0.49,0.0
0.22,200,0.49,0.0
0.24,200,0.49,0.0
0.26,200,0.49,0.0
0.28,200,0.49,0.0
0.3,200,0.49,0.0
0.32,200,0.49,0.0
0.34,200,0.49,0.0
0.36,200,0.49,0.0
0.38,200,0.49,0.0
0.4,200,0.49,0.0
0.42,200,0.49,0.0
0.44,200,0.49,0.0
0.46,200,0.49,0.0
0.48,200,0.49,0.0
0.5,200,0.49,0.0
0.52,200,0.49,0.0
0.54,200,0.49,0.0
0.56,200,0.49,0.0
0.58,200,0.49,0.0
0.6,200,0.49,0.0
0.62,200,0.49,0.0
0.64,200,0.49,0.0
0.66,200,0.49,0.0
0.68,200,0.49,0.0
0.7,200,0.49,0.0
0.72,200,0.49,0.0
0.74,200,0.49,0.0
0.76,200,0.49,0.0
0.78,200,0.49,0.0
0.8,200,0.49,0.0
0.82,200,0.49,0.0
0.84,200,0.49,0.0
0.86,200,0.49,0.0
0.88,200,0.49,0.0
0.9,200,0.49,0.0
0.92,200,0.49,0.0
0.94,200,0.49,0.0
0.96,200,0.49,0.0
0.98,200,0.49,0.0
1.0,200,0.49,0.0
1.02,200,0.49,0.0
1.04,200,0.49,0.0
1.06,200,0.49,0.0
1.08,200,0.49,0.0
1.1,200,0.49,0.0
1.12,200,0.49,0.0
1.14,200,0.49,0.0
1.16,200,0.49,0.0
1.18,200,0.49,0.0
1.2,200,0.49,0.0
1.22,200,0.49,0.0
1.24,200,0.49,0.0
1.26,200,0.49,0.0
1.28,200,0.49,0.0
1.3,200,0.49,0.0
1.32,200,0.49,0.0
1.34,200,0.49,0.0
1.36,200,0.49,0.0
1.38,200,0.49,0.0
1.4,200,0.49,0.0
1.42,200,0.49,0.0
1.44,200,0.49,0.0
1.46,200,0.49,0.0
1.48,200,0.49,0.0
1.5,200,0.49,0.0
1.52,200,0.49,0.0
1.54,200,0.49,0.0
1.56,200,0.49,0.0
1.58,200,0.49,0.0
1.6,200,0.49,0.0
1.62,200,0.49,0.0
1.64,200,0.49,0.0
1.66,200,0.49,0.0
1.68,200,0.49,0.0
1.7,200,0.49,0.0
1.72,200,0.49,0.0
1.74,200,0.49,0.0
1.76,200,0.49,0.0
1.78,200,0.49,0.0
1.8,200,0.49,0.0
1.82,200,0.49,0.0
1.84,200,0.49,0.0
1.86,200,0.49,0.0
1.88,200,0.49,0.0
1.9,200,0.49,0.0
1.92,200,0.49,0.0
1.94,200,0.49,0.0
1.96,200,0.49,0.0
1.98,200,0.49,0.0
2.0,200,0.49,0.0
0.02,250,0.49,0.0
0.04,250,0.49,0.0
0.08,250,0.49,0.0
0.12,250,0.49,0.0
0.18,250,0.49,0.0
0.2,250,0.49,0.0
0.22,250,0.49,0.0
0.24,250,0.49,0.0
0.26,250,0.49,0.0
0.28,250,0.49,0.0
0.3,250,0.49,0.0
0.32,250,0.49,0.0
0.34,250,0.49,0.0
0.36,250,0.49,0.0
0.38,250,0.49,0.0
0.4,250,0.49,0.0
0.42,250,0.49,0.0
0.44,250,0.49,0.0
0.46,250,0.49,0.0
0.48,250,0.49,0.0
0.5,250,0.49,0.0
0.52,250,0.49,0.0
0.54,250,0.49,0.0
0.56,250,0.49,0.0
0.58,250,0.49,0.0
0.6,250,0.49,0.0
0.62,250,0.49,0.0
0.64,250,0.49,0.0
0.66,250,0.49,0.0
0.68,250,0.49,0.0
0.7,250,0.49,0.0
0.72,250,0.49,0.0
0.74,250,0.49,0.0
0.76,250,0.49,0.0
0.78,250,0.49,0.0
0.8,250,0.49,0.0
0.82,250,0.49,0.0
0.84,250,0.49,0.0
0.86,250,0.49,0.0
0.88,250,0.49,0.0
0.9,250,0.49,0.0
0.92,250,0.49,0.0
0.94,250,0.49,0.0
0.96,250,0.49,0.0
0.98,250,0.49,0.0
1.0,250,0.49,0.0
1.02,250,0.49,0.0
1.04,250,0.49,0.0
1.06,250,0.49,0.0
1.08,250,0.49,0.0
1.1,250,0.49,0.0
1.12,250,0.49,0.0
1.14,250,0.49,0.0
1.16,250,0.49,0.0
1.18,250,0.49,0.0
1.2,250,0.49,0.0
1.22,250,0.49,0.0
1.24,250,0.49,0.0
1.26,250,0.49,0.0
1.28,250,0.49,0.0
1.3,250,0.49,0.0
1.32,250,0.49,0.0
1.34,250,0.49,0.0
1.36,250,0.49,0.0
1.38,250,0.49,0.0
1.4,250,0.49,0.0
1.42,250,0.49,0.0
1.44,250,0.49,0.0
1.46,250,0.49,0.0
1.48,250,0.49,0.0
1.5,250,0.49,0.0
1.52,250,0.49,0.0
1.54,250,0.49,0.0
1.56,250,0.49,0.0
1.58,250,0.49,0.0
1.6,250,0.49,0.0
1.62,250,0.49,0.0
1.64,250,0.49,0.0
1.66,250,0.49,0.0
1.68,250,0.49,0.0
1.7,250,0.49,0.0
1.72,250,0.49,0.0
1.74,250,0.49,0.0
1.76,250,0.49,0.0
1.78,250,0.49,0.0
1.8,250,0.49,0.0
1.82,250,0.49,0.0
1.84,250,0.49,0.0
1.86,250,0.49,0.0
1.88,250,0.49,0.0
1.9,250,0.49,0.0
1.92,250,0.49,0.0
1.94,250,0.49,0.0
1.96,250,0.49,0.0
1.98,250,0.49,0.0
2.0,250,0.49,0.0
0.04,300,0.49,0.0
0.08,300,0.49,0.0
0.14,300,0.49,0.0
0.26,300,0.49,0.0
0.28,300,0.49,0.0
0.3,300,0.49,0.0
0.32,300,0.49,0.0
0.34,300,0.49,0.0
0.36,300,0.49,0.0
0.38,300,0.49,0.0
0.4,300,0.49,0.0
0.42,300,0.49,0.0
0.44,300,0.49,0.0
0.46,300,0.49,0.0
0.48,300,0.49,0.0
0.5,300,0.49,0.0
0.52,300,0.49,0.0
0.54,300,0.49,0.0
0.56,300,0.49,0.0
0.58,300,0.49,0.0
0.6,300,0.49,0.0
0.62,300,0.49,0.0
0.64,300,0.49,0.0
0.66,300,0.49,0.0
0.68,300,0.49,0.0
0.7,300,0.49,0.0
0.72,300,0.49,0.0
0.74,300,0.49,0.0
0.76,300,0.49,0.0
0.78,300,0.49,0.0
0.8,300,0.49,0.0
0.82,300,0.49,0.0
0.84,300,0.49,0.0
0.86,300,0.49,0.0
0.88,300,0.49,0.0
0.9,300,0.49,0.0
0.92,300,0.49,0.0
0.94,300,0.49,0.0
0.96,300,0.49,0.0
0.98,300,0.49,0.0
1.0,300,0.49,0.0
1.02,300,0.49,0.0
1.04,300,0.49,0.0
1.06,300,0.49,0.0
1.08,300,0.49,0.0
1.1,300,0.49,0.0
1.12,300,0.49,0.0
1.14,300,0.49,0.0
1.16,300,0.49,0.0
1.18,300,0.49,0.0
1.2,300,0.49,0.0
1.22,300,0.49,0.0
1.24,300,0.49,0.0
1.26,300,0.49,0.0
1.28,300,0.49,0.0
1.3,300,0.49,0.0
1.32,300,0.49,0.0
1.34,300,0.49,0.0
1.36,300,0.49,0.0
1.38,300,0.49,0.0
1.4,300,0.49,0.0
1.42,300,0.49,0.0
1.44,300,0.49,0.0
1.46,300,0.49,0.0
1.48,300,0.49,0.0
1.5,300,0.49,0.0
1.52,300,0.49,0.0
1.54,300,0.49,0.0
1.56,300,0.49,0.0
1.58,300,0.49,0.0
1.6,300,0.49,0.0
1.62,300,0.49,0.0
1.64,300,0.49,0.0
1.66,300,0.49,0.0
1.68,300,0.49,0.0
1.7,300,0.49,0.0
1.72,300,0.49,0.0
1.74,300,0.49,0.0
1.76,300,0.49,0.0
1.78,300,0.49,0.0
1.8,300,0.49,0.0
1.82,300,0.49,0.0
1.84,300,0.49,0.0
1.86,300,0.49,0.0
1.88,300,0.49,0.0
1.9,300,0.49,0.0
1.92,300,0.49,0.0
1.94,300,0.49,0.0
1.96,300,0.49,0.0
1.98,300,0.49,0.0
2.0,300,0.49,0.0
0.0,50,1.38,0.05
0.02,50,1.36,0.05
0.04,50,1.36,0.05
0.06,50,1.36,0.05
0.08,50,1.36,0.05
0.1,50,1.36,0.05
0.12,50,1.36,0.05
0.14,50,1.36,0.05
0.16,50,1.36,0.05
0.18,50,1.36,0.05
0.2,50,1.36,0.05
0.22,50,1.36,0.05
0.24,50,1.36,0.05
0.26,50,1.36,0.05
0.28,50,1.36,0.05
0.3,50,1.36,0.05
0.32,50,1.36,0.05
0.34,50,1.36,0.05
0.36,50,1.36,0.05
0.38,50,1.36,0.05
0.4,50,1.36,0.05
0.42,50,1.36,0.05
0.44,50,1.36,0.05
0.46,50,1.36,0.05
0.48,50,1.36,0.05
0.5,50,1.36,0.05
0.52,50,1.36,0.05
0.54,50,1.36,0.05
0.56,50,1.36,0.05
0.58,50,1.36,0.05
0.6,50,1.36,0.05
0.62,50,1.36,0.05
0.64,50,1.36,0.05
0.66,50,1.36,0.05
0.68,50,1.36,0.05
0.7,50,1.36,0.05
0.72,50,1.36,0.05
0.74,50,1.36,0.05
0.76,50,1.36,0.05
0.78,50,1.36,0.05
0.8,50,1.36,0.05
0.82,50,1.36,0.05
0.84,50,1.36,0.05
0.86,50,1.36,0.05
0.88,50,1.36,0.05
0.9,50,1.36,0.05
0.92,50,1.36,0.05
0.94,50,1.36,0.05
0.96,50,1.36,0.05
0.98,50,1.36,0.05
1.0,50,1.36,0.05
1.02,50,1.36,0.05
1.04,50,1.36,0.05
1.06,50,1.36,0.05
1.08,50,1.36,0.05
1.1,50,1.36,0.05
1.12,50,1.36,0.05
1.14,50,1.36,0.05
1.16,50,1.36,0.05
1.18,50,1.36,0.05
1.2,50,1.36,0.05
1.22,50,1.36,0.05
1.24,50,1.36,0.05
1.26,50,1.36,0.05
1.28,50,1.36,0.05
1.3,50,1.36,0.05
1.32,50,1.36,0.05
1.34,50,1.36,0.05
1.36,50,1.36,0.05
1.38,50,1.36,0.05
1.4,50,1.36,0.05
1.42,50,1.36,0.05
1.44,50,1.36,0.05
1.46,50,1.36,0.05
1.48,50,1.36,0.05
1.5,50,1.36,0.05
1.52,50,1.36,0.05
1.54,50,1.36,0.05
1.56,50,1.36,0.05
1.58,50,1.36,0.05
1.6,50,1.36,0.05
1.62,50,1.36,0.05
1.64,50,1.36,0.05
1.66,50,1.36,0.05
1.68,50,1.36,0.05
1.7,50,1.36,0.05
1.72,50,1.36,0.05
1.74,50,1.36,0.05
1.76,50,1.36,0.05
1.78,50,1.36,0.05
1.8,50,1.36,0.05
1.82,50,1.36,0.05
1.84,50,1.36,0.05
1.86,50,1.36,0.05
1.88,50,1.36,0.05
1.9,50,1.36,0.05
1.92,50,1.36,0.05
1.94,50,1.36,0.05
1.96,50,1.36,0.05
1.98,50,1.36,0.05
2.0,50,1.36,0.05
0.0,100,1.37,0.05
0.02,100,1.35,0.05
0.04,100,1.35,0.05
0.06,100,1.35,0.05
0.08,100,1.35,0.05
0.1,100,1.35,0.05
0.12,100,1.35,0.05
0.14,100,1.35,0.05
0.16,100,1.35,0.05
0.18,100,1.35,0.05
0.2,100,1.35,0.05
0.22,100,1.35,0.05
0.24,100,1.35,0.05
0.26,100,1.35,0.05
0.28,100,1.35,0.05
0.3,100,1.35,0.05
0.32,100,1.35,0.05
0.34,100,1.35,0.05
0.36,100,1.35,0.05
0.38,100,1.35,0.05
0.4,100,1.35,0.05
0.42,100,1.35,0.05
0.44,100,1.35,0.05
0.46,100,1.35,0.05
0.48,100,1.35,0.05
0.5,100,1.35,0.05
0.52,100,1.35,0.05
0.54,100,1.35,0.05
0.56,100,1.35,0.05
0.58,100,1.35,0.05
0.6,100,1.35,0.05
0.62,100,1.35,0.05
0.64,100,1.35,0.05
0.66,100,1.35,0.05
0.68,100,1.35,0.05
0.7,100,1.35,0.05
0.72,100,1.35,0.05
0.74,100,1.35,0.05
0.76,100,1.35,0.05
0.78,100,1.35,0.05
0.8,100,1.35,0.05
0.82,100,1.35,0.05
0.84,100,1.35,0.05
0.86,100,1.35,0.05
0.88,100,1.35,0.05
0.9,100,1.35,0.05
0.92,100,1.35,0.05
0.94,100,1.35,0.05
0.96,100,1.35,0.05
0.98,100,1.35,0.05
1.0,100,1.35,0.05
1.02,100,1.35,0.05
1.04,100,1.35,0.05
1.06,100,1.35,0.05
1.08,100,1.35,0.05
1.1,100,1.35,0.05
1.12,100,1.35,0.05
1.14,100,1.35,0.05
1.16,100,1.35,0.05
1.18,100,1.35,0.05
1.2,100,1.35,0.05
1.22,100,1.35,0.05
1.24,100,1.35,0.05
1.26,100,1.35,0.05
1.28,100,1.35,0.05
1.3,100,1.35,0.05
1.32,100,1.35,0.05
1.34,100,1.35,0.05
1.36,100,1.35,0.05
1.38,100,1.35,0.05
1.4,100,1.35,0.05
1.42,100,1.35,0.05
1.44,100,1.35,0.05
1.46,100,1.35,0.05
1.48,100,1.35,0.05
1.5,100,1.35,0.05
1.52,100,1.35,0.05
1.54,100,1.35,0.05
1.56,100,1.35,0.05
1.58,100,1.35,0.05
1.6,100,1.35,0.05
1.62,100,1.35,0.05
1.64,100,1.35,0.05
1.66,100,1.35,0.05
1.68,100,1.35,0.05
1.7,100,1.35,0.05
1.72,100,1.35,0.05
1.74,100,1.35,0.05
1.76,100,1.35,0.05
1.78,100,1.35,0.05
1.8,100,1.35,0.05
1.82,100,1.35,0.05
1.84,100,1.35,0.05
1.86,100,1.35,0.05
1.88,100,1.35,0.05
1.9,100,1.35,0.05
1.92,100,1.35,0.05
1.94,100,1.35,0.05
1.96,100,1.35,0.05
1.98,100,1.35,0.05
2.0,100,1.35,0.05
0.0,150,1.34,0.05
0.02,150,1.37,0.05
0.04,150,1.37,0.05
0.06,150,1.37,0.05
0.08,150,1.37,0.05
0.1,150,1.37,0.05
0.12,150,1.37,0.05
0.14,150,1.37,0.05
0.16,150,1.37,0.05
0.18,150,1.37,0.05
0.2,150,1.37,0.05
0.22,150,1.37,0.05
0.24,150,1.37,0.05
0.26,150,1.37,0.05
0.28,150,1.37,0.05
0.3,150,1.37,0.05
0.32,150,1.37,0.05
0.34,150,1.37,0.05
0.36,150,1.37,0.05
0.38,150,1.37,0.05
0.4,150,1.37,0.05
0.42,150,1.37,0.05
0.44,150,1.37,0.05
0.46,150,1.37,0.05
0.48,150,1.37,0.05
0.5,150,1.37,0.05
0.52,150,1.37,0.05
0.54,150,1.37,0.05
0.56,150,1.37,0.05
0.58,150,1.37,0.05
0.6,150,1.37,0.05
0.62,150,1.37,0.05
0.64,150,1.37,0.05
0.66,150,1.37,0.05
0.68,150,1.37,0.05
0.7,150,1.37,0.05
0.72,150,1.37,0.05
0.74,150,1.37,0.05
0.76,150,1.37,0.05
0.78,150,1.37,0.05
0.8,150,1.37,0.05
0.82,150,1.37,0.05
0.84,150,1.37,0.05
0.86,150,1.37,0.05
0.88,150,1.37,0.05
0.9,150,1.37,0.05
0.92,150,1.37,0.05
0.94,150,1.37,0.05
0.96,150,1.37,0.05
0.98,150,1.37,0.05
1.0,150,1.37,0.05
1.02,150,1.37,0.05
1.04,150,1.37,0.05
1.06,150,1.37,0.05
1.08,150,1.37,0.05
1.1,150,1.37,0.05
1.12,150,1.37,0.05
1.14,150,1.37,0.05
1.16,150,1.37,0.05
1.18,150,1.37,0.05
1.2,150,1.37,0.05
1.22,150,1.37,0.05
1.24,150,1.37,0.05
1.26,150,1.37,0.05
1.28,150,1.37,0.05
1.3,150,1.37,0.05
1.32,150,1.37,0.05
1.34,150,1.37,0.05
1.36,150,1.37,0.05
1.38,150,1.37,0.05
1.4,150,1.37,0.05
1.42,150,1.37,0.05
1.44,150,1.37,0.05
1.46,150,1.37,0.05
1.48,150,1.37,0.05
1.5,150,1.37,0.05
1.52,150,1.37,0.05
1.54,150,1.37,0.05
1.56,150,1.37,0.05
1.58,150,1.37,0.05
1.6,150,1.37,0.05
1.62,150,1.37,0.05
1.64,150,1.37,0.05
1.66,150,1.37,0.05
1.68,150,1.37,0.05
1.7,150,1.37,0.05
1.72,150,1.37,0.05
1.74,150,1.37,0.05
1.76,150,1.37,0.05
1.78,150,1.37,0.05
1.8,150,1.37,0.05
1.82,150,1.37,0.05
1.84,150,1.37,0.05
1.86,150,1.37,0.05
1.88,150,1.37,0.05
1.9,150,1.37,0.05
1.92,150,1.37,0.05
1.94,150,1.37,0.05
1.96,150,1.37,0.05
1.98,150,1.37,0.05
2.0,150,1.37,0.05
0.0,200,1.37,0.05
0.02,200,1.34,0.05
0.04,200,1.34,0.05
0.06,200,1.34,0.05
0.08,200,1.34,0.05
0.1,200,1.34,0.05
0.12,200,1.34,0.05
0.14,200,1.34,0.05
0.16,200,1.34,0.05
0.18,200,1.34,0.05
0.2,200,1.34,0.05
0.22,200,1.34,0.05
0.24,200,1.34,0.05
0.26,200,1.34,0.05
0.28,200,1.34,0.05
0.3,200,1.34,0.05
0.32,200,1.34,0.05
0.34,200,1.34,0.05
0.36,200,1.34,0.05
0.38,200,1.34,0.05
0.4,200,1.34,0.05
0.42,200,1.34,0.05
0.44,200,1.34,0.05
0.46,200,1.34,0.05
0.48,200,1.34,0.05
0.5,200,1.34,0.05
0.52,200,1.34,0.05
0.54,200,1.34,0.05
0.56,200,1.34,0.05
0.58,200,1.34,0.05
0.6,200,1.34,0.05
0.62,200,1.34,0.05
0.64,200,1.34,0.05
0.66,200,1.34,0.05
0.68,200,1.34,0.05
0.7,200,1.34,0.05
0.72,200,1.34,0.05
0.74,200,1.34,0.05
0.76,200,1.34,0.05
0.78,200,1.34,0.05
0.8,200,1.34,0.05
0.82,200,1.34,0.05
0.84,200,1.34,0.05
0.86,200,1.34,0.05
0.88,200,1.34,0.05
0.9,200,1.34,0.05
0.92,200,1.34,0.05
0.94,200,1.34,0.05
0.96,200,1.34,0.05
0.98,200,1.34,0.05
1.0,200,1.34,0.05
1.02,200,1.34,0.05
1.04,200,1.34,0.05
1.06,200,1.34,0.05
1.08,200,1.34,0.05
1.1,200,1.34,0.05
1.12,200,1.34,0.05
1.14,200,1.34,0.05
1.16,200,1.34,0.05
1.18,200,1.34,0.05
1.2,200,1.34,0.05
1.22,200,1.34,0.05
1.24,200,1.34,0.05
1.26,200,1.34,0.05
1.28,200,1.34,0.05
1.3,200,1.34,0.05
1.32,200,1.34,0.05
1.34,200,1.34,0.05
1.36,200,1.34,0.05
1.38,200,1.34,0.05
1.4,200,1.34,0.05
1.42,200,1.34,0.05
1.44,200,1.34,0.05
1.46,200,1.34,0.05
1.48,200,1.34,0.05
1.5,200,1.34,0.05
1.52,200,1.34,0.05
1.54,200,1.34,0.05
1.56,200,1.34,0.05
1.58,200,1.34,0.05
1.6,200,1.34,0.05
1.62,200,1.34,0.05
1.64,200,1.34,0.05
1.66,200,1.34,0.05
1.68,200,1.34,0.05
1.7,200,1.34,0.05
1.72,200,1.34,0.05
1.74,200,1.34,0.05
1.76,200,1.34,0.05
1.78,200,1.34,0.05
1.8,200,1.34,0.05
1.82,200,1.34,0.05
1.84,200,1.34,0.05
1.86,200,1.34,0.05
1.88,200,1.34,0.05
1.9,200,1.34,0.05
1.92,200,1.34,0.05
1.94,200,1.34,0.05
1.96,200,1.34,0.05
1.98,200,1.34,0.05
2.0,200,1.34,0.05
0.0,250,1.36,0.05
0.02,250,1.38,0.05
0.04,250,1.38,0.05
0.06,250,1.38,0.05
0.08,250,1.38,0.05
0.1,250,1.38,0.05
0.12,250,1.38,0.05
0.14,250,1.38,0.05
0.16,250,1.38,0.05
0.18,250,1.38,0.05
0.2,250,1.38,0.05
0.22,250,1.38,0.05
0.24,250,1.38,0.05
0.26,250,1.38,0.05
0.28,250,1.38,0.05
0.3,250,1.38,0.05
0.32,250,1.38,0.05
0.34,250,1.38,0.05
0.36,250,1.38,0.05
0.38,250,1.38,0.05
0.4,250,1.38,0.05
0.42,250,1.38,0.05
0.44,250,1.38,0.05
0.46,250,1.38,0.05
0.48,250,1.38,0.05
0.5,250,1.38,0.05
0.52,250,1.38,0.05
0.54,250,1.38,0.05
0.56,250,1.38,0.05
0.58,250,1.38,0.05
0.6,250,1.38,0.05
0.62,250,1.38,0.05
0.64,250,1.38,0.05
0.66,250,1.38,0.05
0.68,250,1.38,0.05
0.7,250,1.38,0.05
0.72,250,1.38,0.05
0.74,250,1.38,0.05
0.76,250,1.38,0.05
0.78,250,1.38,0.05
0.8,250,1.38,0.05
0.82,250,1.38,0.05
0.84,250,1.38,0.05
0.86,250,1.38,0.05
0.88,250,1.38,0.05
0.9,250,1.38,0.05
0.92,250,1.38,0.05
0.94,250,1.38,0.05
0.96,250,1.38,0.05
0.98,250,1.38,0.05
1.0,250,1.38,0.05
1.02,250,1.38,0.05
1.04,250,1.38,0.05
1.06,250,1.38,0.05
1.08,250,1.38,0.05
1.1,250,1.38,0.05
1.12,250,1.38,0.05
1.14,250,1.38,0.05
1.16,250,1.38,0.05
1.18,250,1.38,0.05
1.2,250,1.38,0.05
1.22,250,1.38,0.05
1.24,250,1.38,0.05
1.26,250,1.38,0.05
1.28,250,1.38,0.05
1.3,250,1.38,0.05
1.32,250,1.38,0.05
1.34,250,1.38,0.05
1.36,250,1.38,0.05
1.38,250,1.38,0.05
1.4,250,1.38,0.05
1.42,250,1.38,0.05
1.44,250,1.38,0.05
1.46,250,1.38,0.05
1.48,250,1.38,0.05
1.5,250,1.38,0.05
1.52,250,1.38,0.05
1.54,250,1.38,0.05
1.56,250,1.38,0.05
1.58,250,1.38,0.05
1.6,250,1.38,0.05
1.62,250,1.38,0.05
1.64,250,1.38,0.05
1.66,250,1.38,0.05
1.68,250,1.38,0.05
1.7,250,1.38,0.05
1.72,250,1.38,0.05
1.74,250,1.38,0.05
1.76,250,1.38,0.05
1.78,250,1.38,0.05
1.8,250,1.38,0.05
1.82,250,1.38,0.05
1.84,250,1.38,0.05
1.86,250,1.38,0.05
1.88,250,1.38,0.05
1.9,250,1.38,0.05
1.92,250,1.38,0.05
1.94,250,1.38,0.05
1.96,250,1.38,0.05
1.98,250,1.38,0.05
2.0,250,1.38,0.05
0.0,300,1.36,0.05
0.02,300,1.38,0.05
0.04,300,1.38,0.05
0.06,300,1.38,0.05
0.08,300,1.38,0.05
0.1,300,1.38,0.05
0.12,300,1.38,0.05
0.14,300,1.38,0.05
0.16,300,1.38,0.05
0.18,300,1.38,0.05
0.2,300,1.38,0.05
0.22,300,1.38,0.05
0.24,300,1.38,0.05
0.26,300,1.38,0.05
0.28,300,1.38,0.05
0.3,300,1.38,0.05
0.32,300,1.38,0.05
0.34,300,1.38,0.05
0.36,300,1.38,0.05
0.38,300,1.38,0.05
0.4,300,1.38,0.05
0.42,300,1.38,0.05
0.44,300,1.38,0.05
0.46,300,1.38,0.05
0.48,300,1.38,0.05
0.5,300,1.38,0.05
0.52,300,1.38,0.05
0.54,300,1.38,0.05
0.56,300,1.38,0.05
0.58,300,1.38,0.05
0.6,300,1.38,0.05
0.62,300,1.38,0.05
0.64,300,1.38,0.05
0.66,300,1.38,0.05
0.68,300,1.38,0.05
0.7,300,1.38,0.05
0.72,300,1.38,0.05
0.74,300,1.38,0.05
0.76,300,1.38,0.05
0.78,300,1.38,0.05
0.8,300,1.38,0.05
0.82,300,1.38,0.05
0.84,300,1.38,0.05
0.86,300,1.38,0.05
0.88,300,1.38,0.05
0.9,300,1.38,0.05
0.92,300,1.38,0.05
0.94,300,1.38,0.05
0.96,300,1.38,0.05
0.98,300,1.38,0.05
1.0,300,1.38,0.05
1.02,300,1.38,0.05
1.04,300,1.38,0.05
1.06,300,1.38,0.05
1.08,300,1.38,0.05
1.1,300,1.38,0.05
1.12,300,1.38,0.05
1.14,300,1.38,0.05
1.16,300,1.38,0.05
1.18,300,1.38,0.05
1.2,300,1.38,0.05
1.22,300,1.38,0.05
1.24,300,1.38,0.05
1.26,300,1.38,0.05
1.28,300,1.38,0.05
1.3,300,1.38,0.05
1.32,300,1.38,0.05
1.34,300,1.38,0.05
1.36,300,1.38,0.05
1.38,300,1.38,0.05
1.4,300,1.38,0.05
1.42,300,1.38,0.05
1.44,300,1.38,0.05
1.46,300,1.38,0.05
1.48,300,1.38,0.05
1.5,300,1.38,0.05
1.52,300,1.38,0.05
1.54,300,1.38,0.05
1.56,300,1.38,0.05
1.58,300,1.38,0.05
1.6,300,1.38,0.05
1.62,300,1.38,0.05
1.64,300,1.38,0.05
1.66,300,1.38,0.05
1.68,300,1.38,0.05
1.7,300,1.38,0.05
1.72,300,1.38,0.05
1.74,300,1.38,0.05
1.76,300,1.38,0.05
1.78,300,1.38,0.05
1.8,300,1.38,0.05
1.82,300,1.38,0.05
1.84,300,1.38,0.05
1.86,300,1.38,0.05
1.88,300,1.38,0.05
1.9,300,1.38,0.05
1.92,300,1.38,0.05
1.94,300,1.38,0.05
1.96,300,1.38,0.05
1.98,300,1.38,0.05
2.0,300,1.38,0.05
0.0,50,2.21,0.1
0.02,50,2.24,0.1
0.04,50,2.24,0.1
0.06,50,2.24,0.1
0.08,50,2.24,0.1
0.1,50,2.24,0.1
0.12,50,2.24,0.1
0.14,50,2.24,0.1
0.16,50,2.24,0.1
0.18,50,2.24,0.1
0.2,50,2.24,0.1
0.22,50,2.24,0.1
0.24,50,2.24,0.1
0.26,50,2.24,0.1
0.28,50,2.24,0.1
0.3,50,2.24,0.1
0.32,50,2.24,0.1
0.34,50,2.24,0.1
0.36,50,2.24,0.1
0.38,50,2.24,0.1
0.4,50,2.24,0.1
0.42,50,2.24,0.1
0.44,50,2.24,0.1
0.46,50,2.24,0.1
0.48,50,2.24,0.1
0.5,50,2.24,0.1
0.52,50,2.24,0.1
0.54,50,2.24,0.1
0.56,50,2.24,0.1
0.58,50,2.24,0.1
0.6,50,2.24,0.1
0.62,50,2.24,0.1
0.64,50,2.24,0.1
0.66,50,2.24,0.1
0.68,50,2.24,0.1
0.7,50,2.24,0.1
0.72,50,2.24,0.1
0.74,50,2.24,0.1
0.76,50,2.24,0.1
0.78,50,2.24,0.1
0.8,50,2.24,0.1
0.82,50,2.24,0.1
0.84,50,2.24,0.1
0.86,50,2.24,0.1
0.88,50,2.24,0.1
0.9,50,2.24,0.1
0.92,50,2.24,0.1
0.94,50,2.24,0.1
0.96,50,2.24,0.1
0.98,50,2.24,0.1
1.0,50,2.24,0.1
1.02,50,2.24,0.1
1.04,50,2.24,0.1
1.06,50,2.24,0.1
1.08,50,2.24,0.1
1.1,50,2.24,0.1
1.12,50,2.24,0.1
1.14,50,2.24,0.1
1.16,50,2.24,0.1
1.18,50,2.24,0.1
1.2,50,2.24,0.1
1.22,50,2.24,0.1
1.24,50,2.24,0.1
1.26,50,2.24,0.1
1.28,50,2.24,0.1
1.3,50,2.24,0.1
1.32,50,2.24,0.1
1.34,50,2.24,0.1
1.36,50,2.24,0.1
1.38,50,2.24,0.1
1.4,50,2.23,0.1
1.42,50,2.23,0.1
1.44,50,2.23,0.1
1.46,50,2.23,0.1
1.48,50,2.24,0.1
1.5,50,2.24,0.1
1.52,50,2.23,0.1
1.54,50,2.22,0.1
1.56,50,2.23,0.1
1.58,50,2.24,0.1
1.6,50,2.22,0.1
1.62,50,2.23,0.1
1.64,50,2.21,0.1
1.66,50,2.23,0.1
1.68,50,2.21,0.1
1.7,50,2.24,0.1
1.72,50,2.22,0.1
1.74,50,2.25,0.1
1.76,50,2.24,0.1
1.78,50,2.22,0.1
1.8,50,2.21,0.1
1.82,50,2.24,0.1
1.84,50,2.23,0.1
1.86,50,2.22,0.1
1.88,50,2.25,0.1
1.9,50,2.25,0.1
1.92,50,2.24,0.1
1.94,50,2.24,0.1
1.96,50,2.22,0.1
1.98,50,2.21,0.1
2.0,50,2.25,0.1
0.0,100,2.21,0.1
0.02,100,2.2,0.1
0.04,100,2.2,0.1
0.06,100,2.2,0.1
0.08,100,2.2,0.1
0.1,100,2.2,0.1
0.12,100,2.2,0.1
0.14,100,2.2,0.1
0.16,100,2.2,0.1
0.18,100,2.2,0.1
0.2,100,2.2,0.1
0.22,100,2.2,0.1
0.24,100,2.2,0.1
0.26,100,2.2,0.1
0.28,100,2.2,0.1
0.3,100,2.2,0.1
0.32,100,2.2,0.1
0.34,100,2.2,0.1
0.36,100,2.2,0.1
0.38,100,2.2,0.1
0.4,100,2.2,0.1
0.42,100,2.2,0.1
0.44,100,2.2,0.1
0.46,100,2.2,0.1
0.48,100,2.2,0.1
0.5,100,2.2,0.1
0.52,100,2.2,0.1
0.54,100,2.2,0.1
0.56,100,2.2,0.1
0.58,100,2.2,0.1
0.6,100,2.2,0.1
0.62,100,2.2,0.1
0.64,100,2.2,0.1
0.66,100,2.2,0.1
0.68,100,2.2,0.1
0.7,100,2.2,0.1
0.72,100,2.2,0.1
0.74,100,2.2,0.1
0.76,100,2.2,0.1
0.78,100,2.2,0.1
0.8,100,2.2,0.1
0.82,100,2.2,0.1
0.84,100,2.2,0.1
0.86,100,2.2,0.1
0.88,100,2.2,0.1
0.9,100,2.2,0.1
0.92,100,2.2,0.1
0.94,100,2.2,0.1
0.96,100,2.2,0.1
0.98,100,2.2,0.1
1.0,100,2.2,0.1
1.02,100,2.2,0.1
1.04,100,2.2,0.1
1.06,100,2.2,0.1
1.08,100,2.2,0.1
1.1,100,2.2,0.1
1.12,100,2.2,0.1
1.14,100,2.2,0.1
1.16,100,2.2,0.1
1.18,100,2.2,0.1
1.2,100,2.2,0.1
1.22,100,2.2,0.1
1.24,100,2.2,0.1
1.26,100,2.2,0.1
1.28,100,2.2,0.1
1.3,100,2.2,0.1
1.32,100,2.2,0.1
1.34,100,2.2,0.1
1.36,100,2.2,0.1
1.38,100,2.2,0.1
1.4,100,2.2,0.1
1.42,100,2.22,0.1
1.44,100,2.23,0.1
1.46,100,2.22,0.1
1.48,100,2.23,0.1
1.5,100,2.24,0.1
1.52,100,2.24,0.1
1.54,100,2.24,0.1
1.56,100,2.22,0.1
1.58,100,2.23,0.1
1.6,100,2.23,0.1
1.62,100,2.23,0.1
1.64,100,2.24,0.1
1.66,100,2.22,0.1
1.68,100,2.23,0.1
1.7,100,2.23,0.1
1.72,100,2.21,0.1
1.74,100,2.24,0.1
1.76,100,2.21,0.1
1.78,100,2.25,0.1
1.8,100,2.24,0.1
1.82,100,2.23,0.1
1.84,100,2.25,0.1
1.86,100,2.21,0.1
1.88,100,2.25,0.1
1.9,100,2.22,0.1
1.92,100,2.22,0.1
1.94,100,2.22,0.1
1.96,100,2.21,0.1
1.98,100,2.25,0.1
2.0,100,2.24,0.1
0.0,150,2.23,0.1
0.02,150,2.22,0.1
0.04,150,2.22,0.1
0.06,150,2.22,0.1
0.08,150,2.22,0.1
0.1,150,2.22,0.1
0.12,150,2.22,0.1
0.14,150,2.22,0.1
0.16,150,2.22,0.1
0.18,150,2.22,0.1
0.2,150,2.22,0.1
0.22,150,2.22,0.1
0.24,150,2.22,0.1
0.26,150,2.22,0.1
0.28,150,2.22,0.1
0.3,150,2.22,0.1
0.32,150,2.22,0.1
0.34,150,2.22,0.1
0.36,150,2.22,0.1
0.38,150,2.22,0.1
0.4,150,2.22,0.1
0.42,150,2.22,0.1
0.44,150,2.22,0.1
0.46,150,2.22,0.1
0.48,150,2.22,0.1
0.5,150,2.22,0.1
0.52,150,2.22,0.1
0.54,150,2.22,0.1
0.56,150,2.22,0.1
0.58,150,2.22,0.1
0.6,150,2.22,0.1
0.62,150,2.22,0.1
0.64,150,2.22,0.1
0.66,150,2.22,0.1
0.68,150,2.22,0.1
0.7,150,2.22,0.1
0.72,150,2.22,0.1
0.74,150,2.22,0.1
0.76,150,2.22,0.1
0.78,150,2.22,0.1
0.8,150,2.22,0.1
0.82,150,2.22,0.1
0.84,150,2.22,0.1
0.86,150,2.22,0.1
0.88,150,2.22,0.1
0.9,150,2.22,0.1
0.92,150,2.22,0.1
0.94,150,2.22,0.1
0.96,150,2.22,0.1
0.98,150,2.22,0.1
1.0,150,2.22,0.1
1.02,150,2.22,0.1
1.04,150,2.22,0.1
1.06,150,2.22,0.1
1.08,150,2.22,0.1
1.1,150,2.22,0.1
1.12,150,2.22,0.1
1.14,150,2.22,0.1
1.16,150,2.22,0.1
1.18,150,2.22,0.1
1.2,150,2.22,0.1
1.22,150,2.22,0.1
1.24,150,2.22,0.1
1.26,150,2.22,0.1
1.28,150,2.22,0.1
1.3,150,2.22,0.1
1.32,150,2.22,0.1
1.34,150,2.22,0.1
1.36,150,2.22,0.1
1.38,150,2.22,0.1
1.4,150,2.23,0.1
1.42,150,2.22,0.1
1.44,150,2.22,0.1
1.46,150,2.22,0.1
1.48,150,2.22,0.1
1.5,150,2.22,0.1
1.52,150,2.23,0.1
1.54,150,2.23,0.1
1.56,150,2.23,0.1
1.58,150,2.21,0.1
1.6,150,2.23,0.1
1.62,150,2.24,0.1
1.64,150,2.22,0.1
1.66,150,2.24,0.1
1.68,150,2.23,0.1
1.7,150,2.21,0.1
1.72,150,2.22,0.1
1.74,150,2.22,0.1
1.76,150,2.24,0.1
1.78,150,2.24,0.1
1.8,150,2.22,0.1
1.82,150,2.23,0.1
1.84,150,2.24,0.1
1.86,150,2.23,0.1
1.88,150,2.22,0.1
1.9,150,2.22,0.1
1.92,150,2.2,0.1
1.94,150,2.25,0.1
1.96,150,2.24,0.1
1.98,150,2.23,0.1
2.0,150,2.22,0.1
0.0,200,2.2,0.1
0.02,200,2.23,0.1
0.04,200,2.23,0.1
0.06,200,2.23,0.1
0.08,200,2.23,0.1
0.1,200,2.23,0.1
0.12,200,2.23,0.1
0.14,200,2.23,0.1
0.16,200,2.23,0.1
0.18,200,2.23,0.1
0.2,200,2.23,0.1
0.22,200,2.23,0.1
0.24,200,2.23,0.1
0.26,200,2.23,0.1
0.28,200,2.23,0.1
0.3,200,2.23,0.1
0.32,200,2.23,0.1
0.34,200,2.23,0.1
0.36,200,2.23,0.1
0.38,200,2.23,0.1
0.4,200,2.23,0.1
0.42,200,2.23,0.1
0.44,200,2.23,0.1
0.46,200,2.23,0.1
0.48,200,2.23,0.1
0.5,200,2.23,0.1
0.52,200,2.23,0.1
0.54,200,2.23,0.1
0.56,200,2.23,0.1
0.58,200,2.23,0.1
0.6,200,2.23,0.1
0.62,200,2.23,0.1
0.64,200,2.23,0.1
0.66,200,2.23,0.1
0.68,200,2.23,0.1
0.7,200,2.23,0.1
0.72,200,2.23,0.1
0.74,200,2.23,0.1
0.76,200,2.23,0.1
0.78,200,2.23,0.1
0.8,200,2.23,0.1
0.82,200,2.23,0.1
0.84,200,2.23,0.1
0.86,200,2.23,0.1
0.88,200,2.23,0.1
0.9,200,2.23,0.1
0.92,200,2.23,0.1
0.94,200,2.23,0.1
0.96,200,2.23,0.1
0.98,200,2.23,0.1
1.0,200,2.23,0.1
1.02,200,2.23,0.1
1.04,200,2.23,0.1
1.06,200,2.23,0.1
1.08,200,2.23,0.1
1.1,200,2.23,0.1
1.12,200,2.23,0.1
1.14,200,2.23,0.1
1.16,200,2.23,0.1
1.18,200,2.23,0.1
1.2,200,2.23,0.1
1.22,200,2.23,0.1
1.24,200,2.23,0.1
1.26,200,2.23,0.1
1.28,200,2.23,0.1
1.3,200,2.23,0.1
1.32,200,2.23,0.1
1.34,200,2.23,0.1
1.36,200,2.23,0.1
1.38,200,2.23,0.1
1.4,200,2.22,0.1
1.42,200,2.22,0.1
1.44,200,2.22,0.1
1.46,200,2.23,0.1
1.48,200,2.23,0.1
1.5,200,2.21,0.1
1.52,200,2.21,0.1
1.54,200,2.22,0.1
1.56,200,2.22,0.1
1.58,200,2.23,0.1
1.6,200,2.21,0.1
1.62,200,2.22,0.1
1.64,200,2.24,0.1
1.66,200,2.23,0.1
1.68,200,2.24,0.1
1.7,200,2.23,0.1
1.72,200,2.2,0.1
1.74,200,2.2,0.1
1.76,200,2.22,0.1
1.78,200,2.2,0.1
1.8,200,2.2,0.1
1.82,200,2.24,0.1
1.84,200,2.21,0.1
1.86,200,2.21,0.1
1.88,200,2.2,0.1
1.9,200,2.22,0.1
1.92,200,2.23,0.1
1.94,200,2.21,0.1
1.96,200,2.25,0.1
1.98,200,2.2,0.1
2.0,200,2.23,0.1
0.0,250,2.24,0.1
0.02,250,2.21,0.1
0.04,250,2.21,0.1
0.06,250,2.21,0.1
0.08,250,2.21,0.1
0.1,250,2.21,0.1
0.12,250,2.21,0.1
0.14,250,2.21,0.1
0.16,250,2.21,0.1
0.18,250,2.21,0.1
0.2,250,2.21,0.1
0.22,250,2.21,0.1
0.24,250,2.21,0.1
0.26,250,2.21,0.1
0.28,250,2.21,0.1
0.3,250,2.21,0.1
0.32,250,2.21,0.1
0.34,250,2.21,0.1
0.36,250,2.21,0.1
0.38,250,2.21,0.1
0.4,250,2.21,0.1
0.42,250,2.21,0.1
0.44,250,2.21,0.1
0.46,250,2.21,0.1
0.48,250,2.21,0.1
0.5,250,2.21,0.1
0.52,250,2.21,0.1
0.54,250,2.21,0.1
0.56,250,2.21,0.1
0.58,250,2.21,0.1
0.6,250,2.21,0.1
0.62,250,2.21,0.1
0.64,250,2.21,0.1
0.66,250,2.21,0.1
0.68,250,2.21,0.1
0.7,250,2.21,0.1
0.72,250,2.21,0.1
0.74,250,2.21,0.1
0.76,250,2.21,0.1
0.78,250,2.21,0.1
0.8,250,2.21,0.1
0.82,250,2.21,0.1
0.84,250,2.21,0.1
0.86,250,2.21,0.1
0.88,250,2.21,0.1
0.9,250,2.21,0.1
0.92,250,2.21,0.1
0.94,250,2.21,0.1
0.96,250,2.21,0.1
0.98,250,2.21,0.1
1.0,250,2.21,0.1
1.02,250,2.21,0.1
1.04,250,2.21,0.1
1.06,250,2.21,0.1
1.08,250,2.21,0.1
1.1,250,2.21,0.1
1.12,250,2.21,0.1
1.14,250,2.21,0.1
1.16,250,2.21,0.1
1.18,250,2.21,0.1
1.2,250,2.21,0.1
1.22,250,2.21,0.1
1.24,250,2.21,0.1
1.26,250,2.21,0.1
1.28,250,2.21,0.1
1.3,250,2.21,0.1
1.32,250,2.21,0.1
1.34,250,2.21,0.1
1.36,250,2.21,0.1
1.38,250,2.21,0.1
1.4,250,2.21,0.1
1.42,250,2.22,0.1
1.44,250,2.22,0.1
1.46,250,2.22,0.1
1.48,250,2.22,0.1
1.5,250,2.22,0.1
1.52,250,2.23,0.1
1.54,250,2.23,0.1
1.56,250,2.24,0.1
1.58,250,2.23,0.1
1.6,250,2.23,0.1
1.62,250,2.22,0.1
1.64,250,2.24,0.1
1.66,250,2.22,0.1
1.68,250,2.23,0.1
1.7,250,2.22,0.1
1.72,250,2.21,0.1
1.74,250,2.23,0.1
1.76,250,2.22,0.1
1.78,250,2.23,0.1
1.8,250,2.24,0.1
1.82,250,2.22,0.1
1.84,250,2.24,0.1
1.86,250,2.2,0.1
1.88,250,2.22,0.1
1.9,250,2.22,0.1
1.92,250,2.22,0.1
1.94,250,2.2,0.1
1.96,250,2.2,0.1
1.98,250,2.23,0.1
2.0,250,2.23,0.1
0.0,300,2.24,0.1
0.02,300,2.22,0.1
0.04,300,2.22,0.1
0.06,300,2.22,0.1
0.08,300,2.22,0.1
0.1,300,2.22,0.1
0.12,300,2.22,0.1
0.14,300,2.22,0.1
0.16,300,2.22,0.1
0.18,300,2.22,0.1
0.2,300,2.22,0.1
0.22,300,2.22,0.1
0.24,300,2.22,0.1
0.26,300,2.22,0.1
0.28,300,2.22,0.1
0.3,300,2.22,0.1
0.32,300,2.22,0.1
0.34,300,2.22,0.1
0.36,300,2.22,0.1
0.38,300,2.22,0.1
0.4,300,2.22,0.1
0.42,300,2.22,0.1
0.44,300,2.22,0.1
0.46,300,2.22,0.1
0.48,300,2.22,0.1
0.5,300,2.22,0.1
0.52,300,2.22,0.1
0.54,300,2.22,0.1
0.56,300,2.22,0.1
0.58,300,2.22,0.1
0.6,300,2.22,0.1
0.62,300,2.22,0.1
0.64,300,2.22,0.1
0.66,300,2.22,0.1
0.68,300,2.22,0.1
0.7,300,2.22,0.1
0.72,300,2.22,0.1
0.74,300,2.22,0.1
0.76,300,2.22,0.1
0.78,300,2.22,0.1
0.8,300,2.22,0.1
0.82,300,2.22,0.1
0.84,300,2.22,0.1
0.86,300,2.22,0.1
0.88,300,2.22,0.1
0.9,300,2.22,0.1
0.92,300,2.22,0.1
0.94,300,2.22,0.1
0.96,300,2.22,0.1
0.98,300,2.22,0.1
1.0,300,2.22,0.1
1.02,300,2.22,0.1
1.04,300,2.22,0.1
1.06,300,2.22,0.1
1.08,300,2.22,0.1
1.1,300,2.22,0.1
1.12,300,2.22,0.1
1.14,300,2.22,0.1
1.16,300,2.22,0.1
1.18,300,2.22,0.1
1.2,300,2.22,0.1
1.22,300,2.22,0.1
1.24,300,2.22,0.1
1.26,300,2.22,0.1
1.28,300,2.22,0.1
1.3,300,2.22,0.1
1.32,300,2.22,0.1
1.34,300,2.22,0.1
1.36,300,2.22,0.1
1.38,300,2.22,0.1
1.4,300,2.22,0.1
1.42,300,2.22,0.1
1.44,300,2.22,0.1
1.46,300,2.22,0.1
1.48,300,2.22,0.1
1.5,300,2.22,0.1
1.52,300,2.23,0.1
1.54,300,2.21,0.1
1.56,300,2.22,0.1
1.58,300,2.22,0.1
1.6,300,2.23,0.1
1.62,300,2.23,0.1
1.64,300,2.21,0.1
1.66,300,2.22,0.1
1.68,300,2.23,0.1
1.7,300,2.21,0.1
1.72,300,2.23,0.1
1.74,300,2.22,0.1
1.76,300,2.21,0.1
1.78,300,2.21,0.1
1.8,300,2.22,0.1
1.82,300,2.21,0.1
1.84,300,2.24,0.1
1.86,300,2.23,0.1
1.88,300,2.2,0.1
1.9,300,2.21,0.1
1.92,300,2.21,0.1
1.94,300,2.2,0.1
1.96,300,2.24,0.1
1.98,300,2.24,0.1
2.0,300,2.22,0.1
0.0,50,3.27,0.15
0.02,50,3.25,0.15
0.04,50,3.25,0.15
0.06,50,3.25,0.15
0.08,50,3.25,0.15
0.1,50,3.25,0.15
0.12,50,3.25,0.15
0.14,50,3.25,0.15
0.16,50,3.25,0.15
0.18,50,3.25,0.15
0.2,50,3.25,0.15
0.22,50,3.25,0.15
0.24,50,3.25,0.15
0.26,50,3.25,0.15
0.28,50,3.25,0.15
0.3,50,3.25,0.15
0.32,50,3.25,0.15
0.34,50,3.25,0.15
0.36,50,3.25,0.15
0.38,50,3.25,0.15
0.4,50,3.25,0.15
0.42,50,3.25,0.15
0.44,50,3.25,0.15
0.46,50,3.25,0.15
0.48,50,3.25,0.15
0.5,50,3.25,0.15
0.52,50,3.25,0.15
0.54,50,3.25,0.15
0.56,50,3.25,0.15
0.58,50,3.25,0.15
0.6,50,3.25,0.15
0.62,50,3.25,0.15
0.64,50,3.25,0.15
0.66,50,3.25,0.15
0.68,50,3.25,0.15
0.7,50,3.25,0.15
0.72,50,3.25,0.15
0.74,50,3.25,0.15
0.76,50,3.25,0.15
0.78,50,3.25,0.15
0.8,50,3.25,0.15
0.82,50,3.25,0.15
0.84,50,3.25,0.15
0.86,50,3.25,0.15
0.88,50,3.25,0.15
0.9,50,3.25,0.15
0.92,50,3.25,0.15
0.94,50,3.25,0.15
0.96,50,3.25,0.15
0.98,50,3.25,0.15
1.0,50,3.26,0.15
1.02,50,3.25,0.15
1.04,50,3.23,0.15
1.06,50,3.25,0.15
1.08,50,3.25,0.15
1.1,50,3.25,0.15
1.12,50,3.25,0.15
1.14,50,3.26,0.15
1.16,50,3.23,0.15
1.18,50,3.27,0.15
1.2,50,3.23,0.15
1.22,50,3.26,0.15
1.24,50,3.23,0.15
1.26,50,3.26,0.15
1.28,50,3.24,0.15
1.3,50,3.26,0.15
1.32,50,3.26,0.15
1.34,50,3.25,0.15
1.36,50,3.24,0.15
1.38,50,3.22,0.15
1.4,50,3.26,0.15
1.42,50,3.24,0.15
1.44,50,3.23,0.15
1.46,50,3.27,0.15
1.48,50,3.26,0.15
1.5,50,3.24,0.15
1.52,50,3.23,0.15
1.54,50,3.27,0.15
1.56,50,3.26,0.15
1.58,50,3.26,0.15
1.6,50,3.23,0.15
1.62,50,3.28,0.15
1.64,50,3.27,0.15
1.66,50,3.26,0.15
1.68,50,3.25,0.15
1.7,50,3.26,0.15
1.72,50,3.28,0.15
1.74,50,3.28,0.15
1.76,50,3.27,0.15
1.78,50,3.26,0.15
1.8,50,3.26,0.15
1.82,50,3.25,0.15
1.84,50,3.24,0.15
1.86,50,3.28,0.15
1.88,50,3.28,0.15
1.9,50,3.27,0.15
1.92,50,3.26,0.15
1.94,50,3.27,0.15
1.96,50,3.27,0.15
1.98,50,3.27,0.15
2.0,50,3.26,0.15
0.0,100,3.25,0.15
0.02,100,3.24,0.15
0.04,100,3.24,0.15
0.06,100,3.24,0.15
0.08,100,3.24,0.15
0.1,100,3.24,0.15
0.12,100,3.24,0.15
0.14,100,3.24,0.15
0.16,100,3.24,0.15
0.18,100,3.24,0.15
0.2,100,3.24,0.15
0.22,100,3.24,0.15
0.24,100,3.24,0.15
0.26,100,3.24,0.15
0.28,100,3.24,0.15
0.3,100,3.24,0.15
0.32,100,3.24,0.15
0.34,100,3.24,0.15
0.36,100,3.24,0.15
0.38,100,3.24,0.15
0.4,100,3.24,0.15
0.42,100,3.24,0.15
0.44,100,3.24,0.15
0.46,100,3.24,0.15
0.48,100,3.24,0.15
0.5,100,3.24,0.15
0.52,100,3.24,0.15
0.54,100,3.24,0.15
0.56,100,3.24,0.15
0.58,100,3.24,0.15
0.6,100,3.24,0.15
0.62,100,3.24,0.15
0.64,100,3.24,0.15
0.66,100,3.24,0.15
0.68,100,3.24,0.15
0.7,100,3.24,0.15
0.72,100,3.24,0.15
0.74,100,3.24,0.15
0.76,100,3.24,0.15
0.78,100,3.24,0.15
0.8,100,3.24,0.15
0.82,100,3.24,0.15
0.84,100,3.24,0.15
0.86,100,3.24,0.15
0.88,100,3.24,0.15
0.9,100,3.24,0.15
0.92,100,3.24,0.15
0.94,100,3.24,0.15
0.96,100,3.24,0.15
0.98,100,3.23,0.15
1.0,100,3.23,0.15
1.02,100,3.22,0.15
1.04,100,3.22,0.15
1.06,100,3.24,0.15
1.08,100,3.23,0.15
1.1,100,3.23,0.15
1.12,100,3.24,0.15
1.14,100,3.25,0.15
1.16,100,3.22,0.15
1.18,100,3.24,0.15
1.2,100,3.21,0.15
1.22,100,3.24,0.15
1.24,100,3.21,0.15
1.26,100,3.25,0.15
1.28,100,3.23,0.15
1.3,100,3.26,0.15
1.32,100,3.24,0.15
1.34,100,3.23,0.15
1.36,100,3.22,0.15
1.38,100,3.25,0.15
1.4,100,3.24,0.15
1.42,100,3.25,0.15
1.44,100,3.26,0.15
1.46,100,3.25,0.15
1.48,100,3.23,0.15
1.5,100,3.22,0.15
1.52,100,3.26,0.15
1.54,100,3.25,0.15
1.56,100,3.26,0.15
1.58,100,3.27,0.15
1.6,100,3.26,0.15
1.62,100,3.25,0.15
1.64,100,3.24,0.15
1.66,100,3.23,0.15
1.68,100,3.23,0.15
1.7,100,3.26,0.15
1.72,100,3.26,0.15
1.74,100,3.25,0.15
1.76,100,3.24,0.15
1.78,100,3.24,0.15
1.8,100,3.27,0.15
1.82,100,3.27,0.15
1.84,100,3.27,0.15
1.86,100,3.25,0.15
1.88,100,3.25,0.15
1.9,100,3.24,0.15
1.92,100,3.24,0.15
1.94,100,3.25,0.15
1.96,100,3.25,0.15
1.98,100,3.25,0.15
2.0,100,3.27,0.15
0.0,150,3.23,0.15
0.02,150,3.21,0.15
0.04,150,3.21,0.15
0.06,150,3.21,0.15
0.08,150,3.21,0.15
0.1,150,3.21,0.15
0.12,150,3.21,0.15
0.14,150,3.21,0.15
0.16,150,3.21,0.15
0.18,150,3.21,0.15
0.2,150,3.21,0.15
0.22,150,3.21,0.15
0.24,150,3.21,0.15
0.26,150,3.21,0.15
0.28,150,3.21,0.15
0.3,150,3.21,0.15
0.32,150,3.21,0.15
0.34,150,3.21,0.15
0.36,150,3.21,0.15
0.38,150,3.21,0.15
0.4,150,3.21,0.15
0.42,150,3.21,0.15
0.44,150,3.21,0.15
0.46,150,3.21,0.15
0.48,150,3.21,0.15
0.5,150,3.21,0.15
0.52,150,3.21,0.15
0.54,150,3.21,0.15
0.56,150,3.21,0.15
0.58,150,3.21,0.15
0.6,150,3.21,0.15
0.62,150,3.21,0.15
0.64,150,3.21,0.15
0.66,150,3.21,0.15
0.68,150,3.21,0.15
0.7,150,3.21,0.15
0.72,150,3.21,0.15
0.74,150,3.21,0.15
0.76,150,3.21,0.15
0.78,150,3.21,0.15
0.8,150,3.21,0.15
0.82,150,3.21,0.15
0.84,150,3.21,0.15
0.86,150,3.21,0.15
0.88,150,3.21,0.15
0.9,150,3.21,0.15
0.92,150,3.21,0.15
0.94,150,3.21,0.15
0.96,150,3.21,0.15
0.98,150,3.23,0.15
1.0,150,3.22,0.15
1.02,150,3.23,0.15
1.04,150,3.24,0.15
1.06,150,3.22,0.15
1.08,150,3.21,0.15
1.1,150,3.25,0.15
1.12,150,3.21,0.15
1.14,150,3.22,0.15
1.16,150,3.25,0.15
1.18,150,3.21,0.15
1.2,150,3.25,0.15
1.22,150,3.22,0.15
1.24,150,3.2,0.15
1.26,150,3.22,0.15
1.28,150,3.2,0.15
1.3,150,3.24,0.15
1.32,150,3.22,0.15
1.34,150,3.25,0.15
1.36,150,3.21,0.15
1.38,150,3.25,0.15
1.4,150,3.25,0.15
1.42,150,3.23,0.15
1.44,150,3.22,0.15
1.46,150,3.26,0.15
1.48,150,3.24,0.15
1.5,150,3.23,0.15
1.52,150,3.21,0.15
1.54,150,3.25,0.15
1.56,150,3.24,0.15
1.58,150,3.22,0.15
1.6,150,3.22,0.15
1.62,150,3.25,0.15
1.64,150,3.24,0.15
1.66,150,3.23,0.15
1.68,150,3.22,0.15
1.7,150,3.24,0.15
1.72,150,3.26,0.15
1.74,150,3.24,0.15
1.76,150,3.24,0.15
1.78,150,3.24,0.15
1.8,150,3.22,0.15
1.82,150,3.27,0.15
1.84,150,3.23,0.15
1.86,150,3.26,0.15
1.88,150,3.23,0.15
1.9,150,3.24,0.15
1.92,150,3.24,0.15
1.94,150,3.25,0.15
1.96,150,3.25,0.15
1.98,150,3.25,0.15
2.0,150,3.24,0.15
0.0,200,3.24,0.15
0.02,200,3.22,0.15
0.04,200,3.22,0.15
0.06,200,3.22,0.15
0.08,200,3.22,0.15
0.1,200,3.22,0.15
0.12,200,3.22,0.15
0.14,200,3.22,0.15
0.16,200,3.22,0.15
0.18,200,3.22,0.15
0.2,200,3.22,0.15
0.22,200,3.22,0.15
0.24,200,3.22,0.15
0.26,200,3.22,0.15
0.28,200,3.22,0.15
0.3,200,3.22,0.15
0.32,200,3.22,0.15
0.34,200,3.22,0.15
0.36,200,3.22,0.15
0.38,200,3.22,0.15
0.4,200,3.22,0.15
0.42,200,3.22,0.15
0.44,200,3.22,0.15
0.46,200,3.22,0.15
0.48,200,3.22,0.15
0.5,200,3.22,0.15
0.52,200,3.22,0.15
0.54,200,3.22,0.15
0.56,200,3.22,0.15
0.58,200,3.22,0.15
0.6,200,3.22,0.15
0.62,200,3.22,0.15
0.64,200,3.22,0.15
0.66,200,3.22,0.15
0.68,200,3.22,0.15
0.7,200,3.22,0.15
0.72,200,3.22,0.15
0.74,200,3.22,0.15
0.76,200,3.22,0.15
0.78,200,3.22,0.15
0.8,200,3.22,0.15
0.82,200,3.22,0.15
0.84,200,3.22,0.15
0.86,200,3.22,0.15
0.88,200,3.22,0.15
0.9,200,3.22,0.15
0.92,200,3.22,0.15
0.94,200,3.22,0.15
0.96,200,3.22,0.15
0.98,200,3.22,0.15
1.0,200,3.23,0.15
1.02,200,3.22,0.15
1.04,200,3.22,0.15
1.06,200,3.24,0.15
1.08,200,3.23,0.15
1.1,200,3.23,0.15
1.12,200,3.24,0.15
1.14,200,3.2,0.15
1.16,200,3.21,0.15
1.18,200,3.24,0.15
1.2,200,3.21,0.15
1.22,200,3.24,0.15
1.24,200,3.21,0.15
1.26,200,3.24,0.15
1.28,200,3.22,0.15
1.3,200,3.25,0.15
1.32,200,3.24,0.15
1.34,200,3.21,0.15
1.36,200,3.25,0.15
1.38,200,3.24,0.15
1.4,200,3.21,0.15
1.42,200,3.25,0.15
1.44,200,3.24,0.15
1.46,200,3.23,0.15
1.48,200,3.21,0.15
1.5,200,3.26,0.15
1.52,200,3.24,0.15
1.54,200,3.23,0.15
1.56,200,3.22,0.15
1.58,200,3.23,0.15
1.6,200,3.25,0.15
1.62,200,3.23,0.15
1.64,200,3.22,0.15
1.66,200,3.26,0.15
1.68,200,3.25,0.15
1.7,200,3.24,0.15
1.72,200,3.22,0.15
1.74,200,3.22,0.15
1.76,200,3.26,0.15
1.78,200,3.26,0.15
1.8,200,3.25,0.15
1.82,200,3.24,0.15
1.84,200,3.25,0.15
1.86,200,3.25,0.15
1.88,200,3.22,0.15
1.9,200,3.24,0.15
1.92,200,3.23,0.15
1.94,200,3.25,0.15
1.96,200,3.25,0.15
1.98,200,3.24,0.15
2.0,200,3.26,0.15
0.0,250,3.22,0.15
0.02,250,3.21,0.15
0.04,250,3.21,0.15
0.06,250,3.21,0.15
0.08,250,3.21,0.15
0.1,250,3.21,0.15
0.12,250,3.21,0.15
0.14,250,3.21,0.15
0.16,250,3.21,0.15
0.18,250,3.21,0.15
0.2,250,3.21,0.15
0.22,250,3.21,0.15
0.24,250,3.21,0.15
0.26,250,3.21,0.15
0.28,250,3.21,0.15
0.3,250,3.21,0.15
0.32,250,3.21,0.15
0.34,250,3.21,0.15
0.36,250,3.21,0.15
0.38,250,3.21,0.15
0.4,250,3.21,0.15
0.42,250,3.21,0.15
0.44,250,3.21,0.15
0.46,250,3.21,0.15
0.48,250,3.21,0.15
0.5,250,3.21,0.15
0.52,250,3.21,0.15
0.54,250,3.21,0.15
0.56,250,3.21,0.15
0.58,250,3.21,0.15
0.6,250,3.21,0.15
0.62,250,3.21,0.15
0.64,250,3.21,0.15
0.66,250,3.21,0.15
0.68,250,3.21,0.15
0.7,250,3.21,0.15
0.72,250,3.21,0.15
0.74,250,3.21,0.15
0.76,250,3.21,0.15
0.78,250,3.21,0.15
0.8,250,3.21,0.15
0.82,250,3.21,0.15
0.84,250,3.21,0.15
0.86,250,3.21,0.15
0.88,250,3.21,0.15
0.9,250,3.21,0.15
0.92,250,3.21,0.15
0.94,250,3.21,0.15
0.96,250,3.21,0.15
0.98,250,3.22,0.15
1.0,250,3.22,0.15
1.02,250,3.21,0.15
1.04,250,3.21,0.15
1.06,250,3.22,0.15
1.08,250,3.22,0.15
1.1,250,3.2,0.15
1.12,250,3.2,0.15
1.14,250,3.23,0.15
1.16,250,3.2,0.15
1.18,250,3.22,0.15
1.2,250,3.25,0.15
1.22,250,3.23,0.15
1.24,250,3.2,0.15
1.26,250,3.23,0.15
1.28,250,3.22,0.15
1.3,250,3.24,0.15
1.32,250,3.22,0.15
1.34,250,3.22,0.15
1.36,250,3.24,0.15
1.38,250,3.24,0.15
1.4,250,3.21,0.15
1.42,250,3.21,0.15
1.44,250,3.25,0.15
1.46,250,3.23,0.15
1.48,250,3.25,0.15
1.5,250,3.25,0.15
1.52,250,3.22,0.15
1.54,250,3.26,0.15
1.56,250,3.21,0.15
1.58,250,3.23,0.15
1.6,250,3.24,0.15
1.62,250,3.23,0.15
1.64,250,3.22,0.15
1.66,250,3.26,0.15
1.68,250,3.26,0.15
1.7,250,3.24,0.15
1.72,250,3.24,0.15
1.74,250,3.25,0.15
1.76,250,3.22,0.15
1.78,250,3.26,0.15
1.8,250,3.25,0.15
1.82,250,3.23,0.15
1.84,250,3.25,0.15
1.86,250,3.26,0.15
1.88,250,3.23,0.15
1.9,250,3.24,0.15
1.92,250,3.24,0.15
1.94,250,3.25,0.15
1.96,250,3.25,0.15
1.98,250,3.24,0.15
2.0,250,3.26,0.15
0.0,300,3.22,0.15
0.02,300,3.24,0.15
0.04,300,3.24,0.15
0.06,300,3.24,0.15
0.08,300,3.24,0.15
0.1,300,3.24,0.15
0.12,300,3.24,0.15
0.14,300,3.24,0.15
0.16,300,3.24,0.15
0.18,300,3.24,0.15
0.2,300,3.24,0.15
0.22,300,3.24,0.15
0.24,300,3.24,0.15
0.26,300,3.24,0.15
0.28,300,3.24,0.15
0.3,300,3.24,0.15
0.32,300,3.24,0.15
0.34,300,3.24,0.15
0.36,300,3.24,0.15
0.38,300,3.24,0.15
0.4,300,3.24,0.15
0.42,300,3.24,0.15
0.44,300,3.24,0.15
0.46,300,3.24,0.15
0.48,300,3.24,0.15
0.5,300,3.24,0.15
0.52,300,3.24,0.15
0.54,300,3.24,0.15
0.56,300,3.24,0.15
0.58,300,3.24,0.15
0.6,300,3.24,0.15
0.62,300,3.24,0.15
0.64,300,3.24,0.15
0.66,300,3.24,0.15
0.68,300,3.24,0.15
0.7,300,3.24,0.15
0.72,300,3.24,0.15
0.74,300,3.24,0.15
0.76,300,3.24,0.15
0.78,300,3.24,0.15
0.8,300,3.24,0.15
0.82,300,3.24,0.15
0.84,300,3.24,0.15
0.86,300,3.24,0.15
0.88,300,3.24,0.15
0.9,300,3.24,0.15
0.92,300,3.24,0.15
0.94,300,3.24,0.15
0.96,300,3.24,0.15
0.98,300,3.22,0.15
1.0,300,3.22,0.15
1.02,300,3.22,0.15
1.04,300,3.21,0.15
1.06,300,3.22,0.15
1.08,300,3.21,0.15
1.1,300,3.21,0.15
1.12,300,3.21,0.15
1.14,300,3.22,0.15
1.16,300,3.22,0.15
1.18,300,3.24,0.15
1.2,300,3.24,0.15
1.22,300,3.24,0.15
1.24,300,3.2,0.15
1.26,300,3.23,0.15
1.28,300,3.21,0.15
1.3,300,3.24,0.15
1.32,300,3.22,0.15
1.34,300,3.21,0.15
1.36,300,3.24,0.15
1.38,300,3.22,0.15
1.4,300,3.21,0.15
1.42,300,3.24,0.15
1.44,300,3.23,0.15
1.46,300,3.22,0.15
1.48,300,3.21,0.15
1.5,300,3.24,0.15
1.52,300,3.23,0.15
1.54,300,3.22,0.15
1.56,300,3.21,0.15
1.58,300,3.23,0.15
1.6,300,3.23,0.15
1.62,300,3.22,0.15
1.64,300,3.26,0.15
1.66,300,3.26,0.15
1.68,300,3.25,0.15
1.7,300,3.24,0.15
1.72,300,3.23,0.15
1.74,300,3.26,0.15
1.76,300,3.25,0.15
1.78,300,3.25,0.15
1.8,300,3.23,0.15
1.82,300,3.24,0.15
1.84,300,3.23,0.15
1.86,300,3.23,0.15
1.88,300,3.26,0.15
1.9,300,3.26,0.15
1.92,300,3.24,0.15
1.94,300,3.25,0.15
1.96,300,3.24,0.15
1.98,300,3.25,0.15
2.0,300,3.24,0.15
0.0,50,4.57,0.2
0.02,50,4.54,0.2
0.04,50,4.54,0.2
0.06,50,4.54,0.2
0.08,50,4.54,0.2
0.1,50,4.54,0.2
0.12,50,4.54,0.2
0.14,50,4.54,0.2
0.16,50,4.54,0.2
0.18,50,4.54,0.2
0.2,50,4.54,0.2
0.22,50,4.54,0.2
0.24,50,4.54,0.2
0.26,50,4.54,0.2
0.28,50,4.54,0.2
0.3,50,4.54,0.2
0.32,50,4.54,0.2
0.34,50,4.54,0.2
0.36,50,4.54,0.2
0.38,50,4.54,0.2
0.4,50,4.54,0.2
0.42,50,4.54,0.2
0.44,50,4.54,0.2
0.46,50,4.54,0.2
0.48,50,4.54,0.2
0.5,50,4.54,0.2
0.52,50,4.54,0.2
0.54,50,4.54,0.2
0.56,50,4.54,0.2
0.58,50,4.54,0.2
0.6,50,4.54,0.2
0.62,50,4.54,0.2
0.64,50,4.54,0.2
0.66,50,4.54,0.2
0.68,50,4.54,0.2
0.7,50,4.54,0.2
0.72,50,4.54,0.2
0.74,50,4.54,0.2
0.76,50,4.53,0.2
0.78,50,4.55,0.2
0.8,50,4.53,0.2
0.82,50,4.54,0.2
0.84,50,4.55,0.2
0.86,50,4.56,0.2
0.88,50,4.52,0.2
0.9,50,4.54,0.2
0.92,50,4.56,0.2
0.94,50,4.57,0.2
0.96,50,4.55,0.2
0.98,50,4.53,0.2
1.0,50,4.55,0.2
1.02,50,4.57,0.2
1.04,50,4.54,0.2
1.06,50,4.56,0.2
1.08,50,4.54,0.2
1.1,50,4.57,0.2
1.12,50,4.57,0.2
1.14,50,4.59,0.2
1.16,50,4.58,0.2
1.18,50,4.55,0.2
1.2,50,4.55,0.2
1.22,50,4.57,0.2
1.24,50,4.56,0.2
1.26,50,4.56,0.2
1.28,50,4.6,0.2
1.3,50,4.58,0.2
1.32,50,4.61,0.2
1.34,50,4.61,0.2
1.36,50,4.6,0.2
1.38,50,4.59,0.2
1.4,50,4.59,0.2
1.42,50,4.61,0.2
1.44,50,4.59,0.2
1.46,50,4.61,0.2
1.48,50,4.61,0.2
1.5,50,4.61,0.2
1.52,50,4.62,0.2
1.54,50,4.59,0.2
1.56,50,4.61,0.2
1.58,50,4.59,0.2
1.6,50,4.62,0.2
1.62,50,4.6,0.2
1.64,50,4.63,0.2
1.66,50,4.62,0.2
1.68,50,4.6,0.2
1.7,50,4.64,0.2
1.72,50,4.62,0.2
1.74,50,4.61,0.2
1.76,50,4.6,0.2
1.78,50,4.64,0.2
1.8,50,4.63,0.2
1.82,50,4.62,0.2
1.84,50,4.61,0.2
1.86,50,4.65,0.2
1.88,50,4.64,0.2
1.9,50,4.63,0.2
1.92,50,4.62,0.2
1.94,50,4.61,0.2
1.96,50,4.61,0.2
1.98,50,4.65,0.2
2.0,50,4.64,0.2
0.0,100,4.5,0.2
0.02,100,4.5,0.2
0.04,100,4.5,0.2
0.06,100,4.5,0.2
0.08,100,4.5,0.2
0.1,100,4.5,0.2
0.12,100,4.5,0.2
0.14,100,4.5,0.2
0.16,100,4.5,0.2
0.18,100,4.5,0.2
0.2,100,4.5,0.2
0.22,100,4.5,0.2
0.24,100,4.5,0.2
0.26,100,4.5,0.2
0.28,100,4.5,0.2
0.3,100,4.5,0.2
0.32,100,4.5,0.2
0.34,100,4.5,0.2
0.36,100,4.5,0.2
0.38,100,4.5,0.2
0.4,100,4.5,0.2
0.42,100,4.5,0.2
0.44,100,4.5,0.2
0.46,100,4.5,0.2
0.48,100,4.5,0.2
0.5,100,4.5,0.2
0.52,100,4.5,0.2
0.54,100,4.5,0.2
0.56,100,4.5,0.2
0.58,100,4.5,0.2
0.6,100,4.5,0.2
0.62,100,4.5,0.2
0.64,100,4.5,0.2
0.66,100,4.5,0.2
0.68,100,4.5,0.2
0.7,100,4.51,0.2
0.72,100,4.5,0.2
0.74,100,4.52,0.2
0.76,100,4.51,0.2
0.78,100,4.52,0.2
0.8,100,4.51,0.2
0.82,100,4.51,0.2
0.84,100,4.51,0.2
0.86,100,4.53,0.2
0.88,100,4.49,0.2
0.9,100,4.5,0.2
0.92,100,4.52,0.2
0.94,100,4.54,0.2
0.96,100,4.5,0.2
0.98,100,4.54,0.2
1.0,100,4.55,0.2
1.02,100,4.52,0.2
1.04,100,4.54,0.2
1.06,100,4.52,0.2
1.08,100,4.55,0.2
1.1,100,4.53,0.2
1.12,100,4.52,0.2
1.14,100,4.55,0.2
1.16,100,4.52,0.2
1.18,100,4.55,0.2
1.2,100,4.54,0.2
1.22,100,4.53,0.2
1.24,100,4.56,0.2
1.26,100,4.55,0.2
1.28,100,4.54,0.2
1.3,100,4.53,0.2
1.32,100,4.56,0.2
1.34,100,4.55,0.2
1.36,100,4.55,0.2
1.38,100,4.57,0.2
1.4,100,4.57,0.2
1.42,100,4.56,0.2
1.44,100,4.56,0.2
1.46,100,4.59,0.2
1.48,100,4.59,0.2
1.5,100,4.6,0.2
1.52,100,4.56,0.2
1.54,100,4.58,0.2
1.56,100,4.61,0.2
1.58,100,4.58,0.2
1.6,100,4.56,0.2
1.62,100,4.59,0.2
1.64,100,4.58,0.2
1.66,100,4.57,0.2
1.68,100,4.6,0.2
1.7,100,4.59,0.2
1.72,100,4.57,0.2
1.74,100,4.61,0.2
1.76,100,4.6,0.2
1.78,100,4.59,0.2
1.8,100,4.58,0.2
1.82,100,4.62,0.2
1.84,100,4.61,0.2
1.86,100,4.6,0.2
1.88,100,4.59,0.2
1.9,100,4.59,0.2
1.92,100,4.63,0.2
1.94,100,4.62,0.2
1.96,100,4.61,0.2
1.98,100,4.6,0.2
2.0,100,4.59,0.2
0.0,150,4.49,0.2
0.02,150,4.47,0.2
0.04,150,4.47,0.2
0.06,150,4.47,0.2
0.08,150,4.47,0.2
0.1,150,4.47,0.2
0.12,150,4.47,0.2
0.14,150,4.47,0.2
0.16,150,4.47,0.2
0.18,150,4.47,0.2
0.2,150,4.47,0.2
0.22,150,4.47,0.2
0.24,150,4.47,0.2
0.26,150,4.47,0.2
0.28,150,4.47,0.2
0.3,150,4.47,0.2
0.32,150,4.47,0.2
0.34,150,4.47,0.2
0.36,150,4.47,0.2
0.38,150,4.47,0.2
0.4,150,4.47,0.2
0.42,150,4.47,0.2
0.44,150,4.47,0.2
0.46,150,4.47,0.2
0.48,150,4.47,0.2
0.5,150,4.47,0.2
0.52,150,4.47,0.2
0.54,150,4.47,0.2
0.56,150,4.47,0.2
0.58,150,4.47,0.2
0.6,150,4.47,0.2
0.62,150,4.47,0.2
0.64,150,4.47,0.2
0.66,150,4.47,0.2
0.68,150,4.47,0.2
0.7,150,4.49,0.2
0.72,150,4.5,0.2
0.74,150,4.48,0.2
0.76,150,4.48,0.2
0.78,150,4.51,0.2
0.8,150,4.48,0.2
0.82,150,4.49,0.2
0.84,150,4.48,0.2
0.86,150,4.49,0.2
0.88,150,4.5,0.2
0.9,150,4.51,0.2
0.92,150,4.49,0.2
0.94,150,4.48,0.2
0.96,150,4.5,0.2
0.98,150,4.53,0.2
1.0,150,4.49,0.2
1.02,150,4.51,0.2
1.04,150,4.49,0.2
1.06,150,4.51,0.2
1.08,150,4.49,0.2
1.1,150,4.52,0.2
1.12,150,4.55,0.2
1.14,150,4.52,0.2
1.16,150,4.51,0.2
1.18,150,4.54,0.2
1.2,150,4.52,0.2
1.22,150,4.51,0.2
1.24,150,4.54,0.2
1.26,150,4.54,0.2
1.28,150,4.53,0.2
1.3,150,4.52,0.2
1.32,150,4.56,0.2
1.34,150,4.53,0.2
1.36,150,4.53,0.2
1.38,150,4.55,0.2
1.4,150,4.55,0.2
1.42,150,4.56,0.2
1.44,150,4.58,0.2
1.46,150,4.56,0.2
1.48,150,4.56,0.2
1.5,150,4.57,0.2
1.52,150,4.58,0.2
1.54,150,4.55,0.2
1.56,150,4.58,0.2
1.58,150,4.56,0.2
1.6,150,4.59,0.2
1.62,150,4.59,0.2
1.64,150,4.56,0.2
1.66,150,4.6,0.2
1.68,150,4.58,0.2
1.7,150,4.57,0.2
1.72,150,4.61,0.2
1.74,150,4.58,0.2
1.76,150,4.57,0.2
1.78,150,4.58,0.2
1.8,150,4.61,0.2
1.82,150,4.6,0.2
1.84,150,4.59,0.2
1.86,150,4.58,0.2
1.88,150,4.57,0.2
1.9,150,4.62,0.2
1.92,150,4.61,0.2
1.94,150,4.6,0.2
1.96,150,4.59,0.2
1.98,150,4.58,0.2
2.0,150,4.58,0.2
0.0,200,4.49,0.2
0.02,200,4.47,0.2
0.04,200,4.47,0.2
0.06,200,4.47,0.2
0.08,200,4.47,0.2
0.1,200,4.47,0.2
0.12,200,4.47,0.2
0.14,200,4.47,0.2
0.16,200,4.47,0.2
0.18,200,4.47,0.2
0.2,200,4.47,0.2
0.22,200,4.47,0.2
0.24,200,4.47,0.2
0.26,200,4.47,0.2
0.28,200,4.47,0.2
0.3,200,4.47,0.2
0.32,200,4.47,0.2
0.34,200,4.47,0.2
0.36,200,4.47,0.2
0.38,200,4.47,0.2
0.4,200,4.47,0.2
0.42,200,4.47,0.2
0.44,200,4.47,0.2
0.46,200,4.47,0.2
0.48,200,4.47,0.2
0.5,200,4.47,0.2
0.52,200,4.47,0.2
0.54,200,4.47,0.2
0.56,200,4.47,0.2
0.58,200,4.47,0.2
0.6,200,4.47,0.2
0.62,200,4.47,0.2
0.64,200,4.47,0.2
0.66,200,4.47,0.2
0.68,200,4.47,0.2
0.7,200,4.48,0.2
0.72,200,4.47,0.2
0.74,200,4.48,0.2
0.76,200,4.47,0.2
0.78,200,4.47,0.2
0.8,200,4.5,0.2
0.82,200,4.49,0.2
0.84,200,4.5,0.2
0.86,200,4.51,0.2
0.88,200,4.51,0.2
0.9,200,4.48,0.2
0.92,200,4.49,0.2
0.94,200,4.51,0.2
0.96,200,4.49,0.2
0.98,200,4.49,0.2
1.0,200,4.52,0.2
1.02,200,4.49,0.2
1.04,200,4.52,0.2
1.06,200,4.49,0.2
1.08,200,4.54,0.2
1.1,200,4.5,0.2
1.12,200,4.52,0.2
1.14,200,4.5,0.2
1.16,200,4.54,0.2
1.18,200,4.52,0.2
1.2,200,4.5,0.2
1.22,200,4.55,0.2
1.24,200,4.52,0.2
1.26,200,4.51,0.2
1.28,200,4.55,0.2
1.3,200,4.53,0.2
1.32,200,4.53,0.2
1.34,200,4.57,0.2
1.36,200,4.57,0.2
1.38,200,4.55,0.2
1.4,200,4.56,0.2
1.42,200,4.55,0.2
1.44,200,4.56,0.2
1.46,200,4.55,0.2
1.48,200,4.55,0.2
1.5,200,4.55,0.2
1.52,200,4.57,0.2
1.54,200,4.59,0.2
1.56,200,4.56,0.2
1.58,200,4.59,0.2
1.6,200,4.57,0.2
1.62,200,4.55,0.2
1.64,200,4.59,0.2
1.66,200,4.57,0.2
1.68,200,4.55,0.2
1.7,200,4.59,0.2
1.72,200,4.58,0.2
1.74,200,4.56,0.2
1.76,200,4.6,0.2
1.78,200,4.59,0.2
1.8,200,4.58,0.2
1.82,200,4.57,0.2
1.84,200,4.56,0.2
1.86,200,4.61,0.2
1.88,200,4.6,0.2
1.9,200,4.59,0.2
1.92,200,4.58,0.2
1.94,200,4.58,0.2
1.96,200,4.57,0.2
1.98,200,4.61,0.2
2.0,200,4.6,0.2
0.0,250,4.47,0.2
0.02,250,4.5,0.2
0.04,250,4.5,0.2
0.06,250,4.5,0.2
0.08,250,4.5,0.2
0.1,250,4.5,0.2
0.12,250,4.5,0.2
0.14,250,4.5,0.2
0.16,250,4.5,0.2
0.18,250,4.5,0.2
0.2,250,4.5,0.2
0.22,250,4.5,0.2
0.24,250,4.5,0.2
0.26,250,4.5,0.2
0.28,250,4.5,0.2
0.3,250,4.5,0.2
0.32,250,4.5,0.2
0.34,250,4.5,0.2
0.36,250,4.5,0.2
0.38,250,4.5,0.2
0.4,250,4.5,0.2
0.42,250,4.5,0.2
0.44,250,4.5,0.2
0.46,250,4.5,0.2
0.48,250,4.5,0.2
0.5,250,4.5,0.2
0.52,250,4.5,0.2
0.54,250,4.5,0.2
0.56,250,4.5,0.2
0.58,250,4.5,0.2
0.6,250,4.5,0.2
0.62,250,4.5,0.2
0.64,250,4.5,0.2
0.66,250,4.5,0.2
0.68,250,4.5,0.2
0.7,250,4.48,0.2
0.72,250,4.49,0.2
0.74,250,4.49,0.2
0.76,250,4.49,0.2
0.78,250,4.5,0.2
0.8,250,4.48,0.2
0.82,250,4.47,0.2
0.84,250,4.49,0.2
0.86,250,4.48,0.2
0.88,250,4.47,0.2
0.9,250,4.46,0.2
0.92,250,4.49,0.2
0.94,250,4.47,0.2
0.96,250,4.48,0.2
0.98,250,4.5,0.2
1.0,250,4.47,0.2
1.02,250,4.5,0.2
1.04,250,4.52,0.2
1.06,250,4.49,0.2
1.08,250,4.51,0.2
1.1,250,4.49,0.2
1.12,250,4.52,0.2
1.14,250,4.5,0.2
1.16,250,4.54,0.2
1.18,250,4.52,0.2
1.2,250,4.5,0.2
1.22,250,4.54,0.2
1.24,250,4.53,0.2
1.26,250,4.55,0.2
1.28,250,4.53,0.2
1.3,250,4.53,0.2
1.32,250,4.53,0.2
1.34,250,4.52,0.2
1.36,250,4.56,0.2
1.38,250,4.54,0.2
1.4,250,4.55,0.2
1.42,250,4.54,0.2
1.44,250,4.55,0.2
1.46,250,4.54,0.2
1.48,250,4.54,0.2
1.5,250,4.54,0.2
1.52,250,4.55,0.2
1.54,250,4.56,0.2
1.56,250,4.54,0.2
1.58,250,4.57,0.2
1.6,250,4.55,0.2
1.62,250,4.59,0.2
1.64,250,4.56,0.2
1.66,250,4.56,0.2
1.68,250,4.59,0.2
1.7,250,4.58,0.2
1.72,250,4.6,0.2
1.74,250,4.56,0.2
1.76,250,4.57,0.2
1.78,250,4.55,0.2
1.8,250,4.57,0.2
1.82,250,4.59,0.2
1.84,250,4.56,0.2
1.86,250,4.6,0.2
1.88,250,4.59,0.2
1.9,250,4.56,0.2
1.92,250,4.59,0.2
1.94,250,4.6,0.2
1.96,250,4.58,0.2
1.98,250,4.57,0.2
2.0,250,4.61,0.2
0.0,300,4.47,0.2
0.02,300,4.48,0.2
0.04,300,4.48,0.2
0.06,300,4.48,0.2
0.08,300,4.48,0.2
0.1,300,4.48,0.2
0.12,300,4.48,0.2
0.14,300,4.48,0.2
0.16,300,4.48,0.2
0.18,300,4.48,0.2
0.2,300,4.48,0.2
0.22,300,4.48,0.2
0.24,300,4.48,0.2
0.26,300,4.48,0.2
0.28,300,4.48,0.2
0.3,300,4.48,0.2
0.32,300,4.48,0.2
0.34,300,4.48,0.2
0.36,300,4.48,0.2
0.38,300,4.48,0.2
0.4,300,4.48,0.2
0.42,300,4.48,0.2
0.44,300,4.48,0.2
0.46,300,4.48,0.2
0.48,300,4.48,0.2
0.5,300,4.48,0.2
0.52,300,4.48,0.2
0.54,300,4.48,0.2
0.56,300,4.48,0.2
0.58,300,4.48,0.2
0.6,300,4.48,0.2
0.62,300,4.48,0.2
0.64,300,4.48,0.2
0.66,300,4.48,0.2
0.68,300,4.48,0.2
0.7,300,4.48,0.2
0.72,300,4.49,0.2
0.74,300,4.46,0.2
0.76,300,4.48,0.2
0.78,300,4.47,0.2
0.8,300,4.5,0.2
0.82,300,4.48,0.2
0.84,300,4.46,0.2
0.86,300,4.5,0.2
0.88,300,4.5,0.2
0.9,300,4.51,0.2
0.92,300,4.48,0.2
0.94,300,4.49,0.2
0.96,300,4.51,0.2
0.98,300,4.48,0.2
1.0,300,4.49,0.2
1.02,300,4.52,0.2
1.04,300,4.49,0.2
1.06,300,4.52,0.2
1.08,300,4.49,0.2
1.1,300,4.48,0.2
1.12,300,4.51,0.2
1.14,300,4.53,0.2
1.16,300,4.54,0.2
1.18,300,4.51,0.2
1.2,300,4.52,0.2
1.22,300,4.53,0.2
1.24,300,4.51,0.2
1.26,300,4.54,0.2
1.28,300,4.53,0.2
1.3,300,4.52,0.2
1.32,300,4.55,0.2
1.34,300,4.51,0.2
1.36,300,4.53,0.2
1.38,300,4.54,0.2
1.4,300,4.54,0.2
1.42,300,4.56,0.2
1.44,300,4.54,0.2
1.46,300,4.56,0.2
1.48,300,4.56,0.2
1.5,300,4.56,0.2
1.52,300,4.58,0.2
1.54,300,4.55,0.2
1.56,300,4.54,0.2
1.58,300,4.56,0.2
1.6,300,4.54,0.2
1.62,300,4.57,0.2
1.64,300,4.55,0.2
1.66,300,4.58,0.2
1.68,300,4.57,0.2
1.7,300,4.55,0.2
1.72,300,4.59,0.2
1.74,300,4.57,0.2
1.76,300,4.56,0.2
1.78,300,4.55,0.2
1.8,300,4.59,0.2
1.82,300,4.58,0.2
1.84,300,4.58,0.2
1.86,300,4.57,0.2
1.88,300,4.56,0.2
1.9,300,4.56,0.2
1.92,300,4.6,0.2
1.94,300,4.6,0.2
1.96,300,4.58,0.2
1.98,300,4.58,0.2
2.0,300,4.57,0.2
0.0,50,6.37,0.25
0.02,50,6.35,0.25
0.04,50,6.35,0.25
0.06,50,6.35,0.25
0.08,50,6.35,0.25
0.1,50,6.35,0.25
0.12,50,6.35,0.25
0.14,50,6.35,0.25
0.16,50,6.35,0.25
0.18,50,6.35,0.25
0.2,50,6.35,0.25
0.22,50,6.35,0.25
0.24,50,6.35,0.25
0.26,50,6.35,0.25
0.28,50,6.35,0.25
0.3,50,6.35,0.25
0.32,50,6.35,0.25
0.34,50,6.35,0.25
0.36,50,6.35,0.25
0.38,50,6.35,0.25
0.4,50,6.35,0.25
0.42,50,6.35,0.25
0.44,50,6.35,0.25
0.46,50,6.35,0.25
0.48,50,6.35,0.25
0.5,50,6.35,0.25
0.52,50,6.34,0.25
0.54,50,6.33,0.25
0.56,50,6.34,0.25
0.58,50,6.37,0.25
0.6,50,6.38,0.25
0.62,50,6.36,0.25
0.64,50,6.36,0.25
0.66,50,6.39,0.25
0.68,50,6.39,0.25
0.7,50,6.4,0.25
0.72,50,6.42,0.25
0.74,50,6.41,0.25
0.76,50,6.42,0.25
0.78,50,6.44,0.25
0.8,50,6.43,0.25
0.82,50,6.46,0.25
0.84,50,6.42,0.25
0.86,50,6.45,0.25
0.88,50,6.43,0.25
0.9,50,6.48,0.25
0.92,50,6.48,0.25
0.94,50,6.5,0.25
0.96,50,6.5,0.25
0.98,50,6.49,0.25
1.0,50,6.5,0.25
1.02,50,6.51,0.25
1.04,50,6.53,0.25
1.06,50,6.51,0.25
1.08,50,6.52,0.25
1.1,50,6.53,0.25
1.12,50,6.54,0.25
1.14,50,6.52,0.25
1.16,50,6.54,0.25
1.18,50,6.57,0.25
1.2,50,6.56,0.25
1.22,50,6.53,0.25
1.24,50,6.57,0.25
1.26,50,6.55,0.25
1.28,50,6.59,0.25
1.3,50,6.57,0.25
1.32,50,6.56,0.25
1.34,50,6.55,0.25
1.36,50,6.59,0.25
1.38,50,6.58,0.25
1.4,50,6.56,0.25
1.42,50,6.58,0.25
1.44,50,6.58,0.25
1.46,50,6.59,0.25
1.48,50,6.6,0.25
1.5,50,6.59,0.25
1.52,50,6.6,0.25
1.54,50,6.59,0.25
1.56,50,6.58,0.25
1.58,50,6.59,0.25
1.6,50,6.6,0.25
1.62,50,6.57,0.25
1.64,50,6.59,0.25
1.66,50,6.59,0.25
1.68,50,6.59,0.25
1.7,50,6.62,0.25
1.72,50,6.59,0.25
1.74,50,6.61,0.25
1.76,50,6.58,0.25
1.78,50,6.61,0.25
1.8,50,6.58,0.25
1.82,50,6.58,0.25
1.84,50,6.59,0.25
1.86,50,6.62,0.25
1.88,50,6.6,0.25
1.9,50,6.61,0.25
1.92,50,6.61,0.25
1.94,50,6.62,0.25
1.96,50,6.63,0.25
1.98,50,6.61,0.25
2.0,50,6.6,0.25
0.0,100,6.28,0.25
0.02,100,6.27,0.25
0.04,100,6.27,0.25
0.06,100,6.27,0.25
0.08,100,6.27,0.25
0.1,100,6.27,0.25
0.12,100,6.27,0.25
0.14,100,6.27,0.25
0.16,100,6.27,0.25
0.18,100,6.27,0.25
0.2,100,6.27,0.25
0.22,100,6.27,0.25
0.24,100,6.27,0.25
0.26,100,6.27,0.25
0.28,100,6.27,0.25
0.3,100,6.27,0.25
0.32,100,6.27,0.25
0.34,100,6.27,0.25
0.36,100,6.27,0.25
0.38,100,6.27,0.25
0.4,100,6.27,0.25
0.42,100,6.27,0.25
0.44,100,6.27,0.25
0.46,100,6.27,0.25
0.48,100,6.27,0.25
0.5,100,6.27,0.25
0.52,100,6.28,0.25
0.54,100,6.26,0.25
0.56,100,6.28,0.25
0.58,100,6.24,0.25
0.6,100,6.27,0.25
0.62,100,6.29,0.25
0.64,100,6.27,0.25
0.66,100,6.3,0.25
0.68,100,6.3,0.25
0.7,100,6.3,0.25
0.72,100,6.32,0.25
0.74,100,6.31,0.25
0.76,100,6.33,0.25
0.78,100,6.35,0.25
0.8,100,6.32,0.25
0.82,100,6.35,0.25
0.84,100,6.34,0.25
0.86,100,6.35,0.25
0.88,100,6.38,0.25
0.9,100,6.36,0.25
0.92,100,6.41,0.25
0.94,100,6.39,0.25
0.96,100,6.38,0.25
0.98,100,6.41,0.25
1.0,100,6.41,0.25
1.02,100,6.44,0.25
1.04,100,6.44,0.25
1.06,100,6.43,0.25
1.08,100,6.42,0.25
1.1,100,6.44,0.25
1.12,100,6.47,0.25
1.14,100,6.49,0.25
1.16,100,6.47,0.25
1.18,100,6.45,0.25
1.2,100,6.46,0.25
1.22,100,6.5,0.25
1.24,100,6.49,0.25
1.26,100,6.52,0.25
1.28,100,6.51,0.25
1.3,100,6.5,0.25
1.32,100,6.48,0.25
1.34,100,6.5,0.25
1.36,100,6.54,0.25
1.38,100,6.52,0.25
1.4,100,6.51,0.25
1.42,100,6.5,0.25
1.44,100,6.52,0.25
1.46,100,6.53,0.25
1.48,100,6.54,0.25
1.5,100,6.53,0.25
1.52,100,6.52,0.25
1.54,100,6.52,0.25
1.56,100,6.51,0.25
1.58,100,6.55,0.25
1.6,100,6.51,0.25
1.62,100,6.53,0.25
1.64,100,6.53,0.25
1.66,100,6.52,0.25
1.68,100,6.51,0.25
1.7,100,6.52,0.25
1.72,100,6.54,0.25
1.74,100,6.56,0.25
1.76,100,6.53,0.25
1.78,100,6.56,0.25
1.8,100,6.54,0.25
1.82,100,6.56,0.25
1.84,100,6.57,0.25
1.86,100,6.57,0.25
1.88,100,6.53,0.25
1.9,100,6.52,0.25
1.92,100,6.55,0.25
1.94,100,6.55,0.25
1.96,100,6.54,0.25
1.98,100,6.55,0.25
2.0,100,6.57,0.25
0.0,150,6.25,0.25
0.02,150,6.22,0.25
0.04,150,6.22,0.25
0.06,150,6.22,0.25
0.08,150,6.22,0.25
0.1,150,6.22,0.25
0.12,150,6.22,0.25
0.14,150,6.22,0.25
0.16,150,6.22,0.25
0.18,150,6.22,0.25
0.2,150,6.22,0.25
0.22,150,6.22,0.25
0.24,150,6.22,0.25
0.26,150,6.22,0.25
0.28,150,6.22,0.25
0.3,150,6.22,0.25
0.32,150,6.22,0.25
0.34,150,6.22,0.25
0.36,150,6.22,0.25
0.38,150,6.22,0.25
0.4,150,6.22,0.25
0.42,150,6.22,0.25
0.44,150,6.22,0.25
0.46,150,6.22,0.25
0.48,150,6.22,0.25
0.5,150,6.22,0.25
0.52,150,6.23,0.25
0.54,150,6.23,0.25
0.56,150,6.24,0.25
0.58,150,6.24,0.25
0.6,150,6.26,0.25
0.62,150,6.22,0.25
0.64,150,6.25,0.25
0.66,150,6.23,0.25
0.68,150,6.23,0.25
0.7,150,6.28,0.25
0.72,150,6.27,0.25
0.74,150,6.28,0.25
0.76,150,6.3,0.25
0.78,150,6.31,0.25
0.8,150,6.28,0.25
0.82,150,6.3,0.25
0.84,150,6.34,0.25
0.86,150,6.31,0.25
0.88,150,6.34,0.25
0.9,150,6.32,0.25
0.92,150,6.37,0.25
0.94,150,6.34,0.25
0.96,150,6.39,0.25
0.98,150,6.38,0.25
1.0,150,6.38,0.25
1.02,150,6.4,0.25
1.04,150,6.42,0.25
1.06,150,6.41,0.25
1.08,150,6.41,0.25
1.1,150,6.43,0.25
1.12,150,6.45,0.25
1.14,150,6.42,0.25
1.16,150,6.46,0.25
1.18,150,6.46,0.25
1.2,150,6.46,0.25
1.22,150,6.49,0.25
1.24,150,6.47,0.25
1.26,150,6.47,0.25
1.28,150,6.47,0.25
1.3,150,6.45,0.25
1.32,150,6.49,0.25
1.34,150,6.46,0.25
1.36,150,6.5,0.25
1.38,150,6.49,0.25
1.4,150,6.48,0.25
1.42,150,6.47,0.25
1.44,150,6.47,0.25
1.46,150,6.5,0.25
1.48,150,6.5,0.25
1.5,150,6.51,0.25
1.52,150,6.52,0.25
1.54,150,6.5,0.25
1.56,150,6.48,0.25
1.58,150,6.52,0.25
1.6,150,6.53,0.25
1.62,150,6.5,0.25
1.64,150,6.51,0.25
1.66,150,6.53,0.25
1.68,150,6.5,0.25
1.7,150,6.52,0.25
1.72,150,6.49,0.25
1.74,150,6.51,0.25
1.76,150,6.49,0.25
1.78,150,6.53,0.25
1.8,150,6.52,0.25
1.82,150,6.54,0.25
1.84,150,6.53,0.25
1.86,150,6.55,0.25
1.88,150,6.53,0.25
1.9,150,6.5,0.25
1.92,150,6.51,0.25
1.94,150,6.53,0.25
1.96,150,6.54,0.25
1.98,150,6.55,0.25
2.0,150,6.54,0.25
0.0,200,6.19,0.25
0.02,200,6.23,0.25
0.04,200,6.23,0.25
0.06,200,6.23,0.25
0.08,200,6.23,0.25
0.1,200,6.23,0.25
0.12,200,6.23,0.25
0.14,200,6.23,0.25
0.16,200,6.23,0.25
0.18,200,6.23,0.25
0.2,200,6.23,0.25
0.22,200,6.23,0.25
0.24,200,6.23,0.25
0.26,200,6.23,0.25
0.28,200,6.23,0.25
0.3,200,6.23,0.25
0.32,200,6.23,0.25
0.34,200,6.23,0.25
0.36,200,6.23,0.25
0.38,200,6.23,0.25
0.4,200,6.23,0.25
0.42,200,6.23,0.25
0.44,200,6.23,0.25
0.46,200,6.23,0.25
0.48,200,6.23,0.25
0.5,200,6.23,0.25
0.52,200,6.21,0.25
0.54,200,6.2,0.25
0.56,200,6.19,0.25
0.58,200,6.2,0.25
0.6,200,6.22,0.25
0.62,200,6.24,0.25
0.64,200,6.22,0.25
0.66,200,6.21,0.25
0.68,200,6.24,0.25
0.7,200,6.24,0.25
0.72,200,6.26,0.25
0.74,200,6.24,0.25
0.76,200,6.26,0.25
0.78,200,6.27,0.25
0.8,200,6.29,0.25
0.82,200,6.27,0.25
0.84,200,6.3,0.25
0.86,200,6.33,0.25
0.88,200,6.31,0.25
0.9,200,6.34,0.25
0.92,200,6.32,0.25
0.94,200,6.37,0.25
0.96,200,6.34,0.25
0.98,200,6.36,0.25
1.0,200,6.37,0.25
1.02,200,6.39,0.25
1.04,200,6.38,0.25
1.06,200,6.41,0.25
1.08,200,6.42,0.25
1.1,200,6.4,0.25
1.12,200,6.42,0.25
1.14,200,6.45,0.25
1.16,200,6.42,0.25
1.18,200,6.46,0.25
1.2,200,6.42,0.25
1.22,200,6.45,0.25
1.24,200,6.43,0.25
1.26,200,6.47,0.25
1.28,200,6.46,0.25
1.3,200,6.46,0.25
1.32,200,6.44,0.25
1.34,200,6.49,0.25
1.36,200,6.48,0.25
1.38,200,6.48,0.25
1.4,200,6.45,0.25
1.42,200,6.5,0.25
1.44,200,6.49,0.25
1.46,200,6.48,0.25
1.48,200,6.48,0.25
1.5,200,6.49,0.25
1.52,200,6.5,0.25
1.54,200,6.47,0.25
1.56,200,6.48,0.25
1.58,200,6.48,0.25
1.6,200,6.48,0.25
1.62,200,6.51,0.25
1.64,200,6.47,0.25
1.66,200,6.5,0.25
1.68,200,6.51,0.25
1.7,200,6.48,0.25
1.72,200,6.5,0.25
1.74,200,6.52,0.25
1.76,200,6.49,0.25
1.78,200,6.52,0.25
1.8,200,6.5,0.25
1.82,200,6.53,0.25
1.84,200,6.49,0.25
1.86,200,6.52,0.25
1.88,200,6.51,0.25
1.9,200,6.53,0.25
1.92,200,6.5,0.25
1.94,200,6.53,0.25
1.96,200,6.51,0.25
1.98,200,6.51,0.25
2.0,200,6.53,0.25
0.0,250,6.17,0.25
0.02,250,6.2,0.25
0.04,250,6.2,0.25
0.06,250,6.2,0.25
0.08,250,6.2,0.25
0.1,250,6.2,0.25
0.12,250,6.2,0.25
0.14,250,6.2,0.25
0.16,250,6.2,0.25
0.18,250,6.2,0.25
0.2,250,6.2,0.25
0.22,250,6.2,0.25
0.24,250,6.2,0.25
0.26,250,6.2,0.25
0.28,250,6.2,0.25
0.3,250,6.2,0.25
0.32,250,6.2,0.25
0.34,250,6.2,0.25
0.36,250,6.2,0.25
0.38,250,6.2,0.25
0.4,250,6.2,0.25
0.42,250,6.2,0.25
0.44,250,6.2,0.25
0.46,250,6.2,0.25
0.48,250,6.2,0.25
0.5,250,6.2,0.25
0.52,250,6.2,0.25
0.54,250,6.19,0.25
0.56,250,6.17,0.25
0.58,250,6.2,0.25
0.6,250,6.22,0.25
0.62,250,6.23,0.25
0.64,250,6.21,0.25
0.66,250,6.19,0.25
0.68,250,6.24,0.25
0.7,250,6.24,0.25
0.72,250,6.24,0.25
0.74,250,6.24,0.25
0.76,250,6.27,0.25
0.78,250,6.28,0.25
0.8,250,6.29,0.25
0.82,250,6.26,0.25
0.84,250,6.3,0.25
0.86,250,6.32,0.25
0.88,250,6.3,0.25
0.9,250,6.33,0.25
0.92,250,6.32,0.25
0.94,250,6.3,0.25
0.96,250,6.34,0.25
0.98,250,6.33,0.25
1.0,250,6.37,0.25
1.02,250,6.35,0.25
1.04,250,6.39,0.25
1.06,250,6.37,0.25
1.08,250,6.37,0.25
1.1,250,6.38,0.25
1.12,250,6.39,0.25
1.14,250,6.42,0.25
1.16,250,6.45,0.25
1.18,250,6.43,0.25
1.2,250,6.4,0.25
1.22,250,6.44,0.25
1.24,250,6.42,0.25
1.26,250,6.46,0.25
1.28,250,6.42,0.25
1.3,250,6.45,0.25
1.32,250,6.47,0.25
1.34,250,6.45,0.25
1.36,250,6.47,0.25
1.38,250,6.45,0.25
1.4,250,6.44,0.25
1.42,250,6.49,0.25
1.44,250,6.48,0.25
1.46,250,6.47,0.25
1.48,250,6.48,0.25
1.5,250,6.47,0.25
1.52,250,6.5,0.25
1.54,250,6.5,0.25
1.56,250,6.48,0.25
1.58,250,6.47,0.25
1.6,250,6.48,0.25
1.62,250,6.5,0.25
1.64,250,6.51,0.25
1.66,250,6.49,0.25
1.68,250,6.51,0.25
1.7,250,6.48,0.25
1.72,250,6.48,0.25
1.74,250,6.51,0.25
1.76,250,6.5,0.25
1.78,250,6.5,0.25
1.8,250,6.52,0.25
1.82,250,6.52,0.25
1.84,250,6.52,0.25
1.86,250,6.53,0.25
1.88,250,6.5,0.25
1.9,250,6.5,0.25
1.92,250,6.51,0.25
1.94,250,6.51,0.25
1.96,250,6.5,0.25
1.98,250,6.5,0.25
2.0,250,6.52,0.25
0.0,300,6.21,0.25
0.02,300,6.17,0.25
0.04,300,6.17,0.25
0.06,300,6.17,0.25
0.08,300,6.17,0.25
0.1,300,6.17,0.25
0.12,300,6.17,0.25
0.14,300,6.17,0.25
0.16,300,6.17,0.25
0.18,300,6.17,0.25
0.2,300,6.17,0.25
0.22,300,6.17,0.25
0.24,300,6.17,0.25
0.26,300,6.17,0.25
0.28,300,6.17,0.25
0.3,300,6.17,0.25
0.32,300,6.17,0.25
0.34,300,6.17,0.25
0.36,300,6.17,0.25
0.38,300,6.17,0.25
0.4,300,6.17,0.25
0.42,300,6.17,0.25
0.44,300,6.17,0.25
0.46,300,6.17,0.25
0.48,300,6.17,0.25
0.5,300,6.17,0.25
0.52,300,6.19,0.25
0.54,300,6.18,0.25
0.56,300,6.17,0.25
0.58,300,6.19,0.25
0.6,300,6.2,0.25
0.62,300,6.22,0.25
0.64,300,6.19,0.25
0.66,300,6.19,0.25
0.68,300,6.21,0.25
0.7,300,6.24,0.25
0.72,300,6.21,0.25
0.74,300,6.23,0.25
0.76,300,6.22,0.25
0.78,300,6.23,0.25
0.8,300,6.23,0.25
0.82,300,6.25,0.25
0.84,300,6.25,0.25
0.86,300,6.26,0.25
0.88,300,6.28,0.25
0.9,300,6.31,0.25
0.92,300,6.33,0.25
0.94,300,6.3,0.25
0.96,300,6.31,0.25
0.98,300,6.32,0.25
1.0,300,6.35,0.25
1.02,300,6.35,0.25
1.04,300,6.38,0.25
1.06,300,6.35,0.25
1.08,300,6.4,0.25
1.1,300,6.36,0.25
1.12,300,6.41,0.25
1.14,300,6.41,0.25
1.16,300,6.39,0.25
1.18,300,6.4,0.25
1.2,300,6.41,0.25
1.22,300,6.44,0.25
1.24,300,6.43,0.25
1.26,300,6.41,0.25
1.28,300,6.46,0.25
1.3,300,6.45,0.25
1.32,300,6.44,0.25
1.34,300,6.44,0.25
1.36,300,6.43,0.25
1.38,300,6.47,0.25
1.4,300,6.48,0.25
1.42,300,6.47,0.25
1.44,300,6.46,0.25
1.46,300,6.47,0.25
1.48,300,6.47,0.25
1.5,300,6.46,0.25
1.52,300,6.48,0.25
1.54,300,6.48,0.25
1.56,300,6.47,0.25
1.58,300,6.49,0.25
1.6,300,6.47,0.25
1.62,300,6.45,0.25
1.64,300,6.46,0.25
1.66,300,6.48,0.25
1.68,300,6.49,0.25
1.7,300,6.46,0.25
1.72,300,6.49,0.25
1.74,300,6.51,0.25
1.76,300,6.48,0.25
1.78,300,6.5,0.25
1.8,300,6.48,0.25
1.82,300,6.48,0.25
1.84,300,6.51,0.25
1.86,300,6.5,0.25
1.88,300,6.49,0.25
1.9,300,6.52,0.25
1.92,300,6.5,0.25
1.94,300,6.51,0.25
1.96,300,6.51,0.25
1.98,300,6.52,0.25
2.0,300,6.49,0.25
0.0,50,9.24,0.3
0.02,50,9.22,0.3
0.04,50,9.22,0.3
0.06,50,9.22,0.3
0.08,50,9.22,0.3
0.1,50,9.22,0.3
0.12,50,9.22,0.3
0.14,50,9.22,0.3
0.16,50,9.22,0.3
0.18,50,9.22,0.3
0.2,50,9.22,0.3
0.22,50,9.22,0.3
0.24,50,9.22,0.3
0.26,50,9.22,0.3
0.28,50,9.22,0.3
0.3,50,9.22,0.3
0.32,50,9.22,0.3
0.34,50,9.24,0.3
0.36,50,9.26,0.3
0.38,50,9.25,0.3
0.4,50,9.27,0.3
0.42,50,9.27,0.3
0.44,50,9.32,0.3
0.46,50,9.33,0.3
0.48,50,9.36,0.3
0.5,50,9.36,0.3
0.52,50,9.38,0.3
0.54,50,9.42,0.3
0.56,50,9.45,0.3
0.58,50,9.49,0.3
0.6,50,9.52,0.3
0.62,50,9.53,0.3
0.64,50,9.57,0.3
0.66,50,9.62,0.3
0.68,50,9.68,0.3
0.7,50,9.71,0.3
0.72,50,9.74,0.3
0.74,50,9.74,0.3
0.76,50,9.75,0.3
0.78,50,9.77,0.3
0.8,50,9.78,0.3
0.82,50,9.81,0.3
0.84,50,9.84,0.3
0.86,50,9.83,0.3
0.88,50,9.86,0.3
0.9,50,9.9,0.3
0.92,50,9.88,0.3
0.94,50,9.86,0.3
0.96,50,9.89,0.3
0.98,50,9.92,0.3
1.0,50,9.9,0.3
1.02,50,9.89,0.3
1.04,50,9.89,0.3
1.06,50,9.9,0.3
1.08,50,9.92,0.3
1.1,50,9.91,0.3
1.12,50,9.93,0.3
1.14,50,9.9,0.3
1.16,50,9.93,0.3
1.18,50,9.93,0.3
1.2,50,9.96,0.3
1.22,50,9.92,0.3
1.24,50,9.93,0.3
1.26,50,9.94,0.3
1.28,50,9.96,0.3
1.3,50,9.97,0.3
1.32,50,9.95,0.3
1.34,50,9.97,0.3
1.36,50,9.96,0.3
1.38,50,9.96,0.3
1.4,50,9.97,0.3
1.42,50,9.99,0.3
1.44,50,10.0,0.3
1.46,50,9.97,0.3
1.48,50,10.0,0.3
1.5,50,10.03,0.3
1.52,50,10.0,0.3
1.54,50,9.98,0.3
1.56,50,10.01,0.3
1.58,50,10.02,0.3
1.6,50,10.02,0.3
1.62,50,10.0,0.3
1.64,50,10.0,0.3
1.66,50,10.02,0.3
1.68,50,9.99,0.3
1.7,50,10.05,0.3
1.72,50,10.04,0.3
1.74,50,10.02,0.3
1.76,50,10.03,0.3
1.78,50,10.0,0.3
1.8,50,10.05,0.3
1.82,50,10.01,0.3
1.84,50,10.03,0.3
1.86,50,10.04,0.3
1.88,50,10.04,0.3
1.9,50,10.04,0.3
1.92,50,10.04,0.3
1.94,50,10.03,0.3
1.96,50,10.05,0.3
1.98,50,10.03,0.3
2.0,50,10.04,0.3
0.0,100,9.0,0.3
0.02,100,8.99,0.3
0.04,100,8.99,0.3
0.06,100,8.99,0.3
0.08,100,8.99,0.3
0.1,100,8.99,0.3
0.12,100,8.99,0.3
0.14,100,8.99,0.3
0.16,100,8.99,0.3
0.18,100,8.99,0.3
0.2,100,8.99,0.3
0.22,100,8.99,0.3
0.24,100,8.99,0.3
0.26,100,8.99,0.3
0.28,100,8.99,0.3
0.3,100,8.99,0.3
0.32,100,8.99,0.3
0.34,100,8.99,0.3
0.36,100,9.01,0.3
0.38,100,8.99,0.3
0.4,100,9.01,0.3
0.42,100,9.05,0.3
0.44,100,9.02,0.3
0.46,100,9.06,0.3
0.48,100,9.09,0.3
0.5,100,9.13,0.3
0.52,100,9.14,0.3
0.54,100,9.15,0.3
0.56,100,9.19,0.3
0.58,100,9.22,0.3
0.6,100,9.27,0.3
0.62,100,9.31,0.3
0.64,100,9.33,0.3
0.66,100,9.37,0.3
0.68,100,9.41,0.3
0.7,100,9.44,0.3
0.72,100,9.51,0.3
0.74,100,9.5,0.3
0.76,100,9.58,0.3
0.78,100,9.6,0.3
0.8,100,9.62,0.3
0.82,100,9.59,0.3
0.84,100,9.62,0.3
0.86,100,9.65,0.3
0.88,100,9.69,0.3
0.9,100,9.68,0.3
0.92,100,9.68,0.3
0.94,100,9.73,0.3
0.96,100,9.71,0.3
0.98,100,9.73,0.3
1.0,100,9.72,0.3
1.02,100,9.71,0.3
1.04,100,9.75,0.3
1.06,100,9.73,0.3
1.08,100,9.73,0.3
1.1,100,9.74,0.3
1.12,100,9.72,0.3
1.14,100,9.76,0.3
1.16,100,9.76,0.3
1.18,100,9.75,0.3
1.2,100,9.75,0.3
1.22,100,9.76,0.3
1.24,100,9.76,0.3
1.26,100,9.78,0.3
1.28,100,9.79,0.3
1.3,100,9.79,0.3
1.32,100,9.81,0.3
1.34,100,9.8,0.3
1.36,100,9.82,0.3
1.38,100,9.82,0.3
1.4,100,9.82,0.3
1.42,100,9.83,0.3
1.44,100,9.86,0.3
1.46,100,9.84,0.3
1.48,100,9.85,0.3
1.5,100,9.83,0.3
1.52,100,9.82,0.3
1.54,100,9.85,0.3
1.56,100,9.85,0.3
1.58,100,9.84,0.3
1.6,100,9.86,0.3
1.62,100,9.87,0.3
1.64,100,9.87,0.3
1.66,100,9.87,0.3
1.68,100,9.88,0.3
1.7,100,9.86,0.3
1.72,100,9.87,0.3
1.74,100,9.84,0.3
1.76,100,9.88,0.3
1.78,100,9.89,0.3
1.8,100,9.9,0.3
1.82,100,9.85,0.3
1.84,100,9.89,0.3
1.86,100,9.88,0.3
1.88,100,9.9,0.3
1.9,100,9.86,0.3
1.92,100,9.89,0.3
1.94,100,9.88,0.3
1.96,100,9.91,0.3
1.98,100,9.88,0.3
2.0,100,9.92,0.3
0.0,150,8.9,0.3
0.02,150,8.89,0.3
0.04,150,8.89,0.3
0.06,150,8.89,0.3
0.08,150,8.89,0.3
0.1,150,8.89,0.3
0.12,150,8.89,0.3
0.14,150,8.89,0.3
0.16,150,8.89,0.3
0.18,150,8.89,0.3
0.2,150,8.89,0.3
0.22,150,8.89,0.3
0.24,150,8.89,0.3
0.26,150,8.89,0.3
0.28,150,8.89,0.3
0.3,150,8.89,0.3
0.32,150,8.89,0.3
0.34,150,8.89,0.3
0.36,150,8.89,0.3
0.38,150,8.91,0.3
0.4,150,8.91,0.3
0.42,150,8.94,0.3
0.44,150,8.92,0.3
0.46,150,8.94,0.3
0.48,150,8.95,0.3
0.5,150,8.99,0.3
0.52,150,9.04,0.3
0.54,150,9.06,0.3
0.56,150,9.08,0.3
0.58,150,9.11,0.3
0.6,150,9.16,0.3
0.62,150,9.21,0.3
0.64,150,9.26,0.3
0.66,150,9.26,0.3
0.68,150,9.32,0.3
0.7,150,9.38,0.3
0.72,150,9.39,0.3
0.74,150,9.42,0.3
0.76,150,9.43,0.3
0.78,150,9.47,0.3
0.8,150,9.5,0.3
0.82,150,9.51,0.3
0.84,150,9.56,0.3
0.86,150,9.58,0.3
0.88,150,9.61,0.3
0.9,150,9.59,0.3
0.92,150,9.6,0.3
0.94,150,9.6,0.3
0.96,150,9.65,0.3
0.98,150,9.64,0.3
1.0,150,9.65,0.3
1.02,150,9.66,0.3
1.04,150,9.65,0.3
1.06,150,9.66,0.3
1.08,150,9.68,0.3
1.1,150,9.66,0.3
1.12,150,9.68,0.3
1.14,150,9.66,0.3
1.16,150,9.71,0.3
1.18,150,9.71,0.3
1.2,150,9.7,0.3
1.22,150,9.72,0.3
1.24,150,9.71,0.3
1.26,150,9.72,0.3
1.28,150,9.73,0.3
1.3,150,9.72,0.3
1.32,150,9.72,0.3
1.34,150,9.73,0.3
1.36,150,9.74,0.3
1.38,150,9.72,0.3
1.4,150,9.73,0.3
1.42,150,9.75,0.3
1.44,150,9.77,0.3
1.46,150,9.74,0.3
1.48,150,9.77,0.3
1.5,150,9.8,0.3
1.52,150,9.79,0.3
1.54,150,9.77,0.3
1.56,150,9.77,0.3
1.58,150,9.79,0.3
1.6,150,9.79,0.3
1.62,150,9.8,0.3
1.64,150,9.78,0.3
1.66,150,9.78,0.3
1.68,150,9.79,0.3
1.7,150,9.81,0.3
1.72,150,9.81,0.3
1.74,150,9.81,0.3
1.76,150,9.82,0.3
1.78,150,9.82,0.3
1.8,150,9.82,0.3
1.82,150,9.83,0.3
1.84,150,9.83,0.3
1.86,150,9.84,0.3
1.88,150,9.8,0.3
1.9,150,9.82,0.3
1.92,150,9.83,0.3
1.94,150,9.82,0.3
1.96,150,9.83,0.3
1.98,150,9.83,0.3
2.0,150,9.85,0.3
0.0,200,8.83,0.3
0.02,200,8.8,0.3
0.04,200,8.8,0.3
0.06,200,8.8,0.3
0.08,200,8.8,0.3
0.1,200,8.8,0.3
0.12,200,8.8,0.3
0.14,200,8.8,0.3
0.16,200,8.8,0.3
0.18,200,8.8,0.3
0.2,200,8.8,0.3
0.22,200,8.8,0.3
0.24,200,8.8,0.3
0.26,200,8.8,0.3
0.28,200,8.8,0.3
0.3,200,8.8,0.3
0.32,200,8.8,0.3
0.34,200,8.8,0.3
0.36,200,8.84,0.3
0.38,200,8.84,0.3
0.4,200,8.85,0.3
0.42,200,8.88,0.3
0.44,200,8.89,0.3
0.46,200,8.87,0.3
0.48,200,8.94,0.3
0.5,200,8.92,0.3
0.52,200,8.97,0.3
0.54,200,8.98,0.3
0.56,200,9.06,0.3
0.58,200,9.1,0.3
0.6,200,9.1,0.3
0.62,200,9.13,0.3
0.64,200,9.18,0.3
0.66,200,9.24,0.3
0.68,200,9.26,0.3
0.7,200,9.3,0.3
0.72,200,9.32,0.3
0.74,200,9.36,0.3
0.76,200,9.42,0.3
0.78,200,9.45,0.3
0.8,200,9.43,0.3
0.82,200,9.46,0.3
0.84,200,9.49,0.3
0.86,200,9.53,0.3
0.88,200,9.54,0.3
0.9,200,9.58,0.3
0.92,200,9.55,0.3
0.94,200,9.58,0.3
0.96,200,9.57,0.3
0.98,200,9.6,0.3
1.0,200,9.59,0.3
1.02,200,9.62,0.3
1.04,200,9.6,0.3
1.06,200,9.6,0.3
1.08,200,9.63,0.3
1.1,200,9.6,0.3
1.12,200,9.65,0.3
1.14,200,9.62,0.3
1.16,200,9.67,0.3
1.18,200,9.67,0.3
1.2,200,9.66,0.3
1.22,200,9.66,0.3
1.24,200,9.68,0.3
1.26,200,9.68,0.3
1.28,200,9.69,0.3
1.3,200,9.69,0.3
1.32,200,9.71,0.3
1.34,200,9.68,0.3
1.36,200,9.73,0.3
1.38,200,9.72,0.3
1.4,200,9.74,0.3
1.42,200,9.71,0.3
1.44,200,9.73,0.3
1.46,200,9.74,0.3
1.48,200,9.74,0.3
1.5,200,9.76,0.3
1.52,200,9.74,0.3
1.54,200,9.76,0.3
1.56,200,9.73,0.3
1.58,200,9.75,0.3
1.6,200,9.75,0.3
1.62,200,9.76,0.3
1.64,200,9.76,0.3
1.66,200,9.76,0.3
1.68,200,9.76,0.3
1.7,200,9.78,0.3
1.72,200,9.76,0.3
1.74,200,9.76,0.3
1.76,200,9.77,0.3
1.78,200,9.77,0.3
1.8,200,9.77,0.3
1.82,200,9.8,0.3
1.84,200,9.79,0.3
1.86,200,9.8,0.3
1.88,200,9.77,0.3
1.9,200,9.77,0.3
1.92,200,9.79,0.3
1.94,200,9.79,0.3
1.96,200,9.78,0.3
1.98,200,9.82,0.3
2.0,200,9.8,0.3
0.0,250,8.8,0.3
0.02,250,8.8,0.3
0.04,250,8.8,0.3
0.06,250,8.8,0.3
0.08,250,8.8,0.3
0.1,250,8.8,0.3
0.12,250,8.8,0.3
0.14,250,8.8,0.3
0.16,250,8.8,0.3
0.18,250,8.8,0.3
0.2,250,8.8,0.3
0.22,250,8.8,0.3
0.24,250,8.8,0.3
0.26,250,8.8,0.3
0.28,250,8.8,0.3
0.3,250,8.8,0.3
0.32,250,8.8,0.3
0.34,250,8.8,0.3
0.36,250,8.79,0.3
0.38,250,8.78,0.3
0.4,250,8.83,0.3
0.42,250,8.81,0.3
0.44,250,8.82,0.3
0.46,250,8.86,0.3
0.48,250,8.86,0.3
0.5,250,8.9,0.3
0.52,250,8.95,0.3
0.54,250,8.97,0.3
0.56,250,9.0,0.3
0.58,250,9.04,0.3
0.6,250,9.05,0.3
0.62,250,9.1,0.3
0.64,250,9.15,0.3
0.66,250,9.16,0.3
0.68,250,9.23,0.3
0.7,250,9.28,0.3
0.72,250,9.28,0.3
0.74,250,9.33,0.3
0.76,250,9.35,0.3
0.78,250,9.41,0.3
0.8,250,9.4,0.3
0.82,250,9.43,0.3
0.84,250,9.46,0.3
0.86,250,9.5,0.3
0.88,250,9.49,0.3
0.9,250,9.53,0.3
0.92,250,9.52,0.3
0.94,250,9.52,0.3
0.96,250,9.58,0.3
0.98,250,9.55,0.3
1.0,250,9.59,0.3
1.02,250,9.57,0.3
1.04,250,9.56,0.3
1.06,250,9.59,0.3
1.08,250,9.59,0.3
1.1,250,9.59,0.3
1.12,250,9.58,0.3
1.14,250,9.62,0.3
1.16,250,9.6,0.3
1.18,250,9.65,0.3
1.2,250,9.64,0.3
1.22,250,9.64,0.3
1.24,250,9.64,0.3
1.26,250,9.66,0.3
1.28,250,9.62,0.3
1.3,250,9.66,0.3
1.32,250,9.68,0.3
1.34,250,9.68,0.3
1.36,250,9.68,0.3
1.38,250,9.67,0.3
1.4,250,9.67,0.3
1.42,250,9.68,0.3
1.44,250,9.69,0.3
1.46,250,9.71,0.3
1.48,250,9.68,0.3
1.5,250,9.71,0.3
1.52,250,9.74,0.3
1.54,250,9.72,0.3
1.56,250,9.7,0.3
1.58,250,9.75,0.3
1.6,250,9.73,0.3
1.62,250,9.73,0.3
1.64,250,9.75,0.3
1.66,250,9.75,0.3
1.68,250,9.74,0.3
1.7,250,9.74,0.3
1.72,250,9.74,0.3
1.74,250,9.75,0.3
1.76,250,9.75,0.3
1.78,250,9.76,0.3
1.8,250,9.77,0.3
1.82,250,9.77,0.3
1.84,250,9.73,0.3
1.86,250,9.74,0.3
1.88,250,9.75,0.3
1.9,250,9.77,0.3
1.92,250,9.76,0.3
1.94,250,9.76,0.3
1.96,250,9.77,0.3
1.98,250,9.76,0.3
2.0,250,9.78,0.3
0.0,300,8.75,0.3
0.02,300,8.76,0.3
0.04,300,8.76,0.3
0.06,300,8.76,0.3
0.08,300,8.76,0.3
0.1,300,8.76,0.3
0.12,300,8.76,0.3
0.14,300,8.76,0.3
0.16,300,8.76,0.3
0.18,300,8.76,0.3
0.2,300,8.76,0.3
0.22,300,8.76,0.3
0.24,300,8.76,0.3
0.26,300,8.76,0.3
0.28,300,8.76,0.3
0.3,300,8.76,0.3
0.32,300,8.76,0.3
0.34,300,8.76,0.3
0.36,300,8.77,0.3
0.38,300,8.76,0.3
0.4,300,8.76,0.3
0.42,300,8.79,0.3
0.44,300,8.81,0.3
0.46,300,8.81,0.3
0.48,300,8.82,0.3
0.5,300,8.9,0.3
0.52,300,8.88,0.3
0.54,300,8.95,0.3
0.56,300,8.98,0.3
0.58,300,9.0,0.3
0.6,300,9.04,0.3
0.62,300,9.06,0.3
0.64,300,9.15,0.3
0.66,300,9.13,0.3
0.68,300,9.19,0.3
0.7,300,9.26,0.3
0.72,300,9.26,0.3
0.74,300,9.28,0.3
0.76,300,9.34,0.3
0.78,300,9.36,0.3
0.8,300,9.4,0.3
0.82,300,9.44,0.3
0.84,300,9.43,0.3
0.86,300,9.48,0.3
0.88,300,9.48,0.3
0.9,300,9.5,0.3
0.92,300,9.53,0.3
0.94,300,9.51,0.3
0.96,300,9.51,0.3
0.98,300,9.55,0.3
1.0,300,9.56,0.3
1.02,300,9.56,0.3
1.04,300,9.57,0.3
1.06,300,9.57,0.3
1.08,300,9.6,0.3
1.1,300,9.57,0.3
1.12,300,9.58,0.3
1.14,300,9.58,0.3
1.16,300,9.63,0.3
1.18,300,9.61,0.3
1.2,300,9.61,0.3
1.22,300,9.61,0.3
1.24,300,9.62,0.3
1.26,300,9.63,0.3
1.28,300,9.61,0.3
1.3,300,9.64,0.3
1.32,300,9.64,0.3
1.34,300,9.67,0.3
1.36,300,9.66,0.3
1.38,300,9.69,0.3
1.4,300,9.65,0.3
1.42,300,9.69,0.3
1.44,300,9.7,0.3
1.46,300,9.67,0.3
1.48,300,9.67,0.3
1.5,300,9.72,0.3
1.52,300,9.7,0.3
1.54,300,9.73,0.3
1.56,300,9.71,0.3
1.58,300,9.69,0.3
1.6,300,9.73,0.3
1.62,300,9.72,0.3
1.64,300,9.71,0.3
1.66,300,9.74,0.3
1.68,300,9.73,0.3
1.7,300,9.72,0.3
1.72,300,9.75,0.3
1.74,300,9.73,0.3
1.76,300,9.74,0.3
1.78,300,9.73,0.3
1.8,300,9.75,0.3
1.82,300,9.76,0.3
1.84,300,9.72,0.3
1.86,300,9.72,0.3
1.88,300,9.73,0.3
1.9,300,9.77,0.3
1.92,300,9.73,0.3
1.94,300,9.75,0.3
1.96,300,9.75,0.3
1.98,300,9.78,0.3
2.0,300,9.75,0.3
0.0,50,15.1,0.35
0.02,50,15.07,0.35
0.04,50,15.07,0.35
0.06,50,15.07,0.35
0.08,50,15.07,0.35
0.1,50,15.07,0.35
0.12,50,15.07,0.35
0.14,50,15.07,0.35
0.16,50,15.07,0.35
0.18,50,15.07,0.35
0.2,50,15.07,0.35
0.22,50,15.13,0.35
0.24,50,15.17,0.35
0.26,50,15.23,0.35
0.28,50,15.38,0.35
0.3,50,15.56,0.35
0.32,50,15.82,0.35
0.34,50,16.06,0.35
0.36,50,16.34,0.35
0.38,50,16.63,0.35
0.4,50,16.89,0.35
0.42,50,17.18,0.35
0.44,50,17.41,0.35
0.46,50,17.58,0.35
0.48,50,17.74,0.35
0.5,50,17.81,0.35
0.52,50,17.89,0.35
0.54,50,17.93,0.35
0.56,50,17.94,0.35
0.58,50,17.98,0.35
0.6,50,17.98,0.35
0.62,50,18.01,0.35
0.64,50,18.01,0.35
0.66,50,18.07,0.35
0.68,50,18.09,0.35
0.7,50,18.12,0.35
0.72,50,18.14,0.35
0.74,50,18.23,0.35
0.76,50,18.24,0.35
0.78,50,18.27,0.35
0.8,50,18.32,0.35
0.82,50,18.32,0.35
0.84,50,18.34,0.35
0.86,50,18.36,0.35
0.88,50,18.34,0.35
0.9,50,18.35,0.35
0.92,50,18.4,0.35
0.94,50,18.4,0.35
0.96,50,18.42,0.35
0.98,50,18.43,0.35
1.0,50,18.44,0.35
1.02,50,18.44,0.35
1.04,50,18.44,0.35
1.06,50,18.49,0.35
1.08,50,18.46,0.35
1.1,50,18.49,0.35
1.12,50,18.52,0.35
1.14,50,18.51,0.35
1.16,50,18.51,0.35
1.18,50,18.52,0.35
1.2,50,18.51,0.35
1.22,50,18.51,0.35
1.24,50,18.51,0.35
1.26,50,18.56,0.35
1.28,50,18.54,0.35
1.3,50,18.54,0.35
1.32,50,18.53,0.35
1.34,50,18.55,0.35
1.36,50,18.56,0.35
1.38,50,18.58,0.35
1.4,50,18.57,0.35
1.42,50,18.58,0.35
1.44,50,18.6,0.35
1.46,50,18.58,0.35
1.48,50,18.58,0.35
1.5,50,18.58,0.35
1.52,50,18.6,0.35
1.54,50,18.58,0.35
1.56,50,18.61,0.35
1.58,50,18.57,0.35
1.6,50,18.59,0.35
1.62,50,18.6,0.35
1.64,50,18.61,0.35
1.66,50,18.63,0.35
1.68,50,18.62,0.35
1.7,50,18.62,0.35
1.72,50,18.62,0.35
1.74,50,18.63,0.35
1.76,50,18.65,0.35
1.78,50,18.62,0.35
1.8,50,18.62,0.35
1.82,50,18.62,0.35
1.84,50,18.63,0.35
1.86,50,18.64,0.35
1.88,50,18.65,0.35
1.9,50,18.62,0.35
1.92,50,18.65,0.35
1.94,50,18.62,0.35
1.96,50,18.65,0.35
1.98,50,18.63,0.35
2.0,50,18.67,0.35
0.0,100,14.26,0.35
0.02,100,14.25,0.35
0.04,100,14.25,0.35
0.06,100,14.25,0.35
0.08,100,14.25,0.35
0.1,100,14.25,0.35
0.12,100,14.25,0.35
0.14,100,14.25,0.35
0.16,100,14.25,0.35
0.18,100,14.25,0.35
0.2,100,14.25,0.35
0.22,100,14.25,0.35
0.24,100,14.27,0.35
0.26,100,14.34,0.35
0.28,100,14.41,0.35
0.3,100,14.56,0.35
0.32,100,14.77,0.35
0.34,100,14.96,0.35
0.36,100,15.18,0.35
0.38,100,15.47,0.35
0.4,100,15.76,0.35
0.42,100,16.02,0.35
0.44,100,16.33,0.35
0.46,100,16.5,0.35
0.48,100,16.73,0.35
0.5,100,16.87,0.35
0.52,100,16.95,0.35
0.54,100,17.03,0.35
0.56,100,17.08,0.35
0.58,100,17.1,0.35
0.6,100,17.12,0.35
0.62,100,17.19,0.35
0.64,100,17.18,0.35
0.66,100,17.23,0.35
0.68,100,17.24,0.35
0.7,100,17.29,0.35
0.72,100,17.34,0.35
0.74,100,17.37,0.35
0.76,100,17.39,0.35
0.78,100,17.41,0.35
0.8,100,17.45,0.35
0.82,100,17.51,0.35
0.84,100,17.57,0.35
0.86,100,17.58,0.35
0.88,100,17.6,0.35
0.9,100,17.59,0.35
0.92,100,17.61,0.35
0.94,100,17.65,0.35
0.96,100,17.64,0.35
0.98,100,17.66,0.35
1.0,100,17.63,0.35
1.02,100,17.69,0.35
1.04,100,17.69,0.35
1.06,100,17.66,0.35
1.08,100,17.71,0.35
1.1,100,17.76,0.35
1.12,100,17.74,0.35
1.14,100,17.77,0.35
1.16,100,17.77,0.35
1.18,100,17.78,0.35
1.2,100,17.8,0.35
1.22,100,17.81,0.35
1.24,100,17.81,0.35
1.26,100,17.83,0.35
1.28,100,17.8,0.35
1.3,100,17.79,0.35
1.32,100,17.84,0.35
1.34,100,17.83,0.35
1.36,100,17.84,0.35
1.38,100,17.86,0.35
1.4,100,17.87,0.35
1.42,100,17.87,0.35
1.44,100,17.89,0.35
1.46,100,17.88,0.35
1.48,100,17.91,0.35
1.5,100,17.89,0.35
1.52,100,17.89,0.35
1.54,100,17.91,0.35
1.56,100,17.92,0.35
1.58,100,17.91,0.35
1.6,100,17.93,0.35
1.62,100,17.93,0.35
1.64,100,17.9,0.35
1.66,100,17.91,0.35
1.68,100,17.95,0.35
1.7,100,17.94,0.35
1.72,100,17.96,0.35
1.74,100,17.94,0.35
1.76,100,17.95,0.35
1.78,100,17.93,0.35
1.8,100,17.95,0.35
1.82,100,17.96,0.35
1.84,100,17.94,0.35
1.86,100,17.94,0.35
1.88,100,17.95,0.35
1.9,100,17.97,0.35
1.92,100,17.98,0.35
1.94,100,17.96,0.35
1.96,100,17.99,0.35
1.98,100,18.0,0.35
2.0,100,17.99,0.35
0.0,150,13.88,0.35
0.02,150,13.91,0.35
0.04,150,13.91,0.35
0.06,150,13.91,0.35
0.08,150,13.91,0.35
0.1,150,13.91,0.35
0.12,150,13.91,0.35
0.14,150,13.91,0.35
0.16,150,13.91,0.35
0.18,150,13.91,0.35
0.2,150,13.91,0.35
0.22,150,13.91,0.35
0.24,150,13.94,0.35
0.26,150,13.94,0.35
0.28,150,14.06,0.35
0.3,150,14.19,0.35
0.32,150,14.35,0.35
0.34,150,14.51,0.35
0.36,150,14.74,0.35
0.38,150,14.98,0.35
0.4,150,15.25,0.35
0.42,150,15.56,0.35
0.44,150,15.84,0.35
0.46,150,16.06,0.35
0.48,150,16.29,0.35
0.5,150,16.41,0.35
0.52,150,16.55,0.35
0.54,150,16.67,0.35
0.56,150,16.74,0.35
0.58,150,16.75,0.35
0.6,150,16.77,0.35
0.62,150,16.81,0.35
0.64,150,16.85,0.35
0.66,150,16.87,0.35
0.68,150,16.93,0.35
0.7,150,16.96,0.35
0.72,150,16.99,0.35
0.74,150,17.01,0.35
0.76,150,17.05,0.35
0.78,150,17.08,0.35
0.8,150,17.13,0.35
0.82,150,17.18,0.35
0.84,150,17.19,0.35
0.86,150,17.26,0.35
0.88,150,17.26,0.35
0.9,150,17.28,0.35
0.92,150,17.31,0.35
0.94,150,17.3,0.35
0.96,150,17.34,0.35
0.98,150,17.34,0.35
1.0,150,17.34,0.35
1.02,150,17.38,0.35
1.04,150,17.38,0.35
1.06,150,17.4,0.35
1.08,150,17.4,0.35
1.1,150,17.41,0.35
1.12,150,17.42,0.35
1.14,150,17.47,0.35
1.16,150,17.45,0.35
1.18,150,17.47,0.35
1.2,150,17.46,0.35
1.22,150,17.52,0.35
1.24,150,17.5,0.35
1.26,150,17.52,0.35
1.28,150,17.55,0.35
1.3,150,17.51,0.35
1.32,150,17.54,0.35
1.34,150,17.56,0.35
1.36,150,17.56,0.35
1.38,150,17.58,0.35
1.4,150,17.57,0.35
1.42,150,17.55,0.35
1.44,150,17.59,0.35
1.46,150,17.61,0.35
1.48,150,17.59,0.35
1.5,150,17.63,0.35
1.52,150,17.62,0.35
1.54,150,17.62,0.35
1.56,150,17.65,0.35
1.58,150,17.63,0.35
1.6,150,17.65,0.35
1.62,150,17.65,0.35
1.64,150,17.63,0.35
1.66,150,17.64,0.35
1.68,150,17.64,0.35
1.7,150,17.66,0.35
1.72,150,17.63,0.35
1.74,150,17.68,0.35
1.76,150,17.64,0.35
1.78,150,17.68,0.35
1.8,150,17.69,0.35
1.82,150,17.68,0.35
1.84,150,17.69,0.35
1.86,150,17.68,0.35
1.88,150,17.68,0.35
1.9,150,17.69,0.35
1.92,150,17.71,0.35
1.94,150,17.74,0.35
1.96,150,17.71,0.35
1.98,150,17.7,0.35
2.0,150,17.72,0.35
0.0,200,13.72,0.35
0.02,200,13.7,0.35
0.04,200,13.7,0.35
0.06,200,13.7,0.35
0.08,200,13.7,0.35
0.1,200,13.7,0.35
0.12,200,13.7,0.35
0.14,200,13.7,0.35
0.16,200,13.7,0.35
0.18,200,13.7,0.35
0.2,200,13.7,0.35
0.22,200,13.7,0.35
0.24,200,13.7,0.35
0.26,200,13.76,0.35
0.28,200,13.84,0.35
0.3,200,13.96,0.35
0.32,200,14.12,0.35
0.34,200,14.26,0.35
0.36,200,14.49,0.35
0.38,200,14.72,0.35
0.4,200,15.02,0.35
0.42,200,15.27,0.35
0.44,200,15.57,0.35
0.46,200,15.81,0.35
0.48,200,16.0,0.35
0.5,200,16.2,0.35
0.52,200,16.36,0.35
0.54,200,16.46,0.35
0.56,200,16.49,0.35
0.58,200,16.54,0.35
0.6,200,16.61,0.35
0.62,200,16.64,0.35
0.64,200,16.68,0.35
0.66,200,16.71,0.35
0.68,200,16.7,0.35
0.7,200,16.72,0.35
0.72,200,16.75,0.35
0.74,200,16.82,0.35
0.76,200,16.86,0.35
0.78,200,16.93,0.35
0.8,200,16.95,0.35
0.82,200,17.01,0.35
0.84,200,17.02,0.35
0.86,200,17.04,0.35
0.88,200,17.08,0.35
0.9,200,17.11,0.35
0.92,200,17.12,0.35
0.94,200,17.16,0.35
0.96,200,17.16,0.35
0.98,200,17.17,0.35
1.0,200,17.18,0.35
1.02,200,17.2,0.35
1.04,200,17.19,0.35
1.06,200,17.2,0.35
1.08,200,17.24,0.35
1.1,200,17.24,0.35
1.12,200,17.27,0.35
1.14,200,17.29,0.35
1.16,200,17.31,0.35
1.18,200,17.32,0.35
1.2,200,17.34,0.35
1.22,200,17.35,0.35
1.24,200,17.36,0.35
1.26,200,17.38,0.35
1.28,200,17.36,0.35
1.3,200,17.37,0.35
1.32,200,17.38,0.35
1.34,200,17.36,0.35
1.36,200,17.42,0.35
1.38,200,17.41,0.35
1.4,200,17.42,0.35
1.42,200,17.44,0.35
1.44,200,17.41,0.35
1.46,200,17.43,0.35
1.48,200,17.43,0.35
1.5,200,17.48,0.35
1.52,200,17.45,0.35
1.54,200,17.45,0.35
1.56,200,17.5,0.35
1.58,200,17.5,0.35
1.6,200,17.52,0.35
1.62,200,17.5,0.35
1.64,200,17.5,0.35
1.66,200,17.51,0.35
1.68,200,17.48,0.35
1.7,200,17.49,0.35
1.72,200,17.5,0.35
1.74,200,17.53,0.35
1.76,200,17.5,0.35
1.78,200,17.52,0.35
1.8,200,17.54,0.35
1.82,200,17.54,0.35
1.84,200,17.56,0.35
1.86,200,17.57,0.35
1.88,200,17.56,0.35
1.9,200,17.56,0.35
1.92,200,17.58,0.35
1.94,200,17.54,0.35
1.96,200,17.56,0.35
1.98,200,17.57,0.35
2.0,200,17.58,0.35
0.0,250,13.6,0.35
0.02,250,13.57,0.35
0.04,250,13.57,0.35
0.06,250,13.57,0.35
0.08,250,13.57,0.35
0.1,250,13.57,0.35
0.12,250,13.57,0.35
0.14,250,13.57,0.35
0.16,250,13.57,0.35
0.18,250,13.57,0.35
0.2,250,13.57,0.35
0.22,250,13.57,0.35
0.24,250,13.59,0.35
0.26,250,13.65,0.35
0.28,250,13.7,0.35
0.3,250,13.83,0.35
0.32,250,13.95,0.35
0.34,250,14.15,0.35
0.36,250,14.35,0.35
0.38,250,14.59,0.35
0.4,250,14.87,0.35
0.42,250,15.12,0.35
0.44,250,15.41,0.35
0.46,250,15.66,0.35
0.48,250,15.85,0.35
0.5,250,16.03,0.35
0.52,250,16.22,0.35
0.54,250,16.32,0.35
0.56,250,16.38,0.35
0.58,250,16.43,0.35
0.6,250,16.44,0.35
0.62,250,16.48,0.35
0.64,250,16.54,0.35
0.66,250,16.54,0.35
0.68,250,16.56,0.35
0.7,250,16.64,0.35
0.72,250,16.67,0.35
0.74,250,16.67,0.35
0.76,250,16.73,0.35
0.78,250,16.81,0.35
0.8,250,16.85,0.35
0.82,250,16.87,0.35
0.84,250,16.93,0.35
0.86,250,16.94,0.35
0.88,250,16.97,0.35
0.9,250,16.99,0.35
0.92,250,17.03,0.35
0.94,250,17.04,0.35
0.96,250,17.04,0.35
0.98,250,17.06,0.35
1.0,250,17.07,0.35
1.02,250,17.1,0.35
1.04,250,17.09,0.35
1.06,250,17.08,0.35
1.08,250,17.1,0.35
1.1,250,17.14,0.35
1.12,250,17.14,0.35
1.14,250,17.19,0.35
1.16,250,17.22,0.35
1.18,250,17.21,0.35
1.2,250,17.21,0.35
1.22,250,17.23,0.35
1.24,250,17.25,0.35
1.26,250,17.26,0.35
1.28,250,17.27,0.35
1.3,250,17.26,0.35
1.32,250,17.27,0.35
1.34,250,17.27,0.35
1.36,250,17.32,0.35
1.38,250,17.29,0.35
1.4,250,17.32,0.35
1.42,250,17.3,0.35
1.44,250,17.3,0.35
1.46,250,17.34,0.35
1.48,250,17.35,0.35
1.5,250,17.39,0.35
1.52,250,17.37,0.35
1.54,250,17.36,0.35
1.56,250,17.37,0.35
1.58,250,17.39,0.35
1.6,250,17.4,0.35
1.62,250,17.4,0.35
1.64,250,17.41,0.35
1.66,250,17.43,0.35
1.68,250,17.44,0.35
1.7,250,17.44,0.35
1.72,250,17.41,0.35
1.74,250,17.42,0.35
1.76,250,17.46,0.35
1.78,250,17.43,0.35
1.8,250,17.42,0.35
1.82,250,17.46,0.35
1.84,250,17.45,0.35
1.86,250,17.48,0.35
1.88,250,17.45,0.35
1.9,250,17.49,0.35
1.92,250,17.49,0.35
1.94,250,17.49,0.35
1.96,250,17.5,0.35
1.98,250,17.48,0.35
2.0,250,17.48,0.35
0.0,300,13.53,0.35
0.02,300,13.53,0.35
0.04,300,13.53,0.35
0.06,300,13.53,0.35
0.08,300,13.53,0.35
0.1,300,13.53,0.35
0.12,300,13.53,0.35
0.14,300,13.53,0.35
0.16,300,13.53,0.35
0.18,300,13.53,0.35
0.2,300,13.53,0.35
0.22,300,13.53,0.35
0.24,300,13.5,0.35
0.26,300,13.53,0.35
0.28,300,13.61,0.35
0.3,300,13.74,0.35
0.32,300,13.83,0.35
0.34,300,14.04,0.35
0.36,300,14.23,0.35
0.38,300,14.46,0.35
0.4,300,14.75,0.35
0.42,300,14.99,0.35
0.44,300,15.27,0.35
0.46,300,15.5,0.35
0.48,300,15.75,0.35
0.5,300,15.96,0.35
0.52,300,16.07,0.35
0.54,300,16.22,0.35
0.56,300,16.31,0.35
0.58,300,16.35,0.35
0.6,300,16.41,0.35
0.62,300,16.42,0.35
0.64,300,16.47,0.35
0.66,300,16.49,0.35
0.68,300,16.53,0.35
0.7,300,16.54,0.35
0.72,300,16.57,0.35
0.74,300,16.61,0.35
0.76,300,16.65,0.35
0.78,300,16.73,0.35
0.8,300,16.72,0.35
0.82,300,16.77,0.35
0.84,300,16.84,0.35
0.86,300,16.86,0.35
0.88,300,16.91,0.35
0.9,300,16.9,0.35
0.92,300,16.92,0.35
0.94,300,16.94,0.35
0.96,300,16.96,0.35
0.98,300,16.95,0.35
1.0,300,17.02,0.35
1.02,300,16.99,0.35
1.04,300,17.02,0.35
1.06,300,17.04,0.35
1.08,300,17.02,0.35
1.1,300,17.09,0.35
1.12,300,17.1,0.35
1.14,300,17.12,0.35
1.16,300,17.1,0.35
1.18,300,17.11,0.35
1.2,300,17.17,0.35
1.22,300,17.17,0.35
1.24,300,17.19,0.35
1.26,300,17.21,0.35
1.28,300,17.2,0.35
1.3,300,17.22,0.35
1.32,300,17.24,0.35
1.34,300,17.22,0.35
1.36,300,17.23,0.35
1.38,300,17.21,0.35
1.4,300,17.24,0.35
1.42,300,17.28,0.35
1.44,300,17.25,0.35
1.46,300,17.27,0.35
1.48,300,17.26,0.35
1.5,300,17.27,0.35
1.52,300,17.27,0.35
1.54,300,17.29,0.35
1.56,300,17.34,0.35
1.58,300,17.34,0.35
1.6,300,17.35,0.35
1.62,300,17.32,0.35
1.64,300,17.33,0.35
1.66,300,17.34,0.35
1.68,300,17.35,0.35
1.7,300,17.35,0.35
1.72,300,17.37,0.35
1.74,300,17.39,0.35
1.76,300,17.35,0.35
1.78,300,17.39,0.35
1.8,300,17.36,0.35
1.82,300,17.38,0.35
1.84,300,17.37,0.35
1.86,300,17.4,0.35
1.88,300,17.38,0.35
1.9,300,17.38,0.35
1.92,300,17.38,0.35
1.94,300,17.4,0.35
1.96,300,17.43,0.35
1.98,300,17.42,0.35
2.0,300,17.43,0.35
0.0,50,42.41,0.4
0.02,50,42.44,0.4
0.04,50,42.44,0.4
0.06,50,42.44,0.4
0.08,50,42.63,0.4
0.1,50,115.87,0.4
0.0,100,33.14,0.4
0.02,100,33.13,0.4
0.04,100,33.13,0.4
0.06,100,33.13,0.4
0.08,100,33.13,0.4
0.1,100,33.19,0.4
0.12,100,35.68,0.4
0.14,100,79.01,0.4
0.0,150,30.32,0.4
0.02,150,30.31,0.4
0.04,150,30.31,0.4
0.06,150,30.31,0.4
0.08,150,30.31,0.4
0.1,150,30.31,0.4
0.12,150,30.81,0.4
0.14,150,35.46,0.4
0.16,150,69.64,0.4
0.18,150,100.74,0.4
0.0,200,28.95,0.4
0.02,200,28.97,0.4
0.04,200,28.97,0.4
0.06,200,28.97,0.4
0.08,200,28.97,0.4
0.1,200,28.97,0.4
0.12,200,29.16,0.4
0.14,200,31.26,0.4
0.16,200,56.02,0.4
0.18,200,71.63,0.4
0.2,200,95.75,0.4
0.0,250,28.13,0.4
0.02,250,28.16,0.4
0.04,250,28.16,0.4
0.06,250,28.16,0.4
0.08,250,28.16,0.4
0.1,250,28.16,0.4
0.12,250,28.25,0.4
0.14,250,29.62,0.4
0.16,250,38.3,0.4
0.18,250,62.39,0.4
0.2,250,82.7,0.4
0.22,250,101.3,0.4
0.0,300,27.6,0.4
0.02,300,27.62,0.4
0.04,300,27.62,0.4
0.06,300,27.62,0.4
0.08,300,27.62,0.4
0.1,300,27.62,0.4
0.12,300,27.62,0.4
0.14,300,28.67,0.4
0.16,300,34.03,0.4
0.18,300,58.82,0.4
0.2,300,73.41,0.4
0.22,300,85.96,0.4
0.24,300,102.49,0.4
